process.b1.capacity,process.b2.capacity,process.b3.capacity,process.b4.capacity,property.price,property.product,property.winner,verification.result,verification.time
0,0,2,1,59,1,0,False,163.31666666666666
0,0,2,1,59,2,0,False,200.86
0,0,2,1,59,4,0,False,154.88888888888889
0,0,2,1,59,6,0,False,108.64
0,0,2,1,60,1,0,True,85.46666666666667
0,0,2,1,60,1,3,True,82.0
0,0,2,1,60,1,4,False,154.25
0,0,2,1,60,2,0,True,80.95
0,0,2,1,60,2,3,True,78.0
0,0,2,1,60,2,4,False,197.01
0,0,2,1,60,4,0,True,80.25
0,0,2,1,60,4,3,True,77.91666666666667
0,0,2,1,60,4,4,False,144.69444444444446
0,0,2,1,60,6,0,True,88.12
0,0,2,1,60,6,3,True,78.84
0,0,2,1,60,6,4,True,78.15
0,0,2,1,69,3,0,False,112.05
0,0,2,1,69,5,0,False,322.05555555555554
0,0,2,1,70,3,0,True,87.1
0,0,2,1,70,3,3,True,97.11
0,0,2,1,70,3,4,True,80.86
0,0,2,1,70,5,0,True,194.4388888888889
0,0,2,1,70,5,3,False,378.8222222222222
0,0,2,1,70,5,4,True,207.7722222222222
0,1,1,1,59,1,0,False,646.675
0,1,1,1,59,4,0,False,564.6346153846154
0,1,1,1,59,6,0,False,248.21666666666667
0,1,1,1,60,1,0,False,578.625
0,1,1,1,60,4,0,False,523.9615384615385
0,1,1,1,60,6,0,True,90.0
0,1,1,1,60,6,2,True,94.58333333333333
0,1,1,1,60,6,3,False,243.51666666666668
0,1,1,1,60,6,4,False,225.05
0,1,1,1,61,1,0,False,608.2
0,1,1,1,61,4,0,False,546.3461538461538
0,1,1,1,62,1,0,False,596.475
0,1,1,1,62,4,0,False,554.1153846153846
0,1,1,1,63,1,0,False,603.65
0,1,1,1,63,4,0,False,553.7692307692307
0,1,1,1,64,1,0,False,532.8
0,1,1,1,64,4,0,False,483.46153846153845
0,1,1,1,65,1,0,False,567.975
0,1,1,1,65,4,0,False,505.96153846153845
0,1,1,1,66,1,0,False,564.3
0,1,1,1,66,4,0,False,496.1730769230769
0,1,1,1,67,1,0,False,588.9
0,1,1,1,67,4,0,False,522.6346153846154
0,1,1,1,68,1,0,False,537.075
0,1,1,1,68,4,0,False,481.65384615384613
0,1,1,1,69,1,0,False,544.05
0,1,1,1,69,3,0,False,178.4
0,1,1,1,69,4,0,False,512.3461538461538
0,1,1,1,69,5,0,False,751.1875
0,1,1,1,70,1,0,True,518.2
0,1,1,1,70,1,2,True,547.725
0,1,1,1,70,1,3,False,602.125
0,1,1,1,70,1,4,False,588.2
0,1,1,1,70,3,0,True,153.51666666666668
0,1,1,1,70,3,2,True,151.13333333333333
0,1,1,1,70,3,3,False,165.41666666666666
0,1,1,1,70,3,4,False,176.71666666666667
0,1,1,1,70,4,0,True,418.0576923076923
0,1,1,1,70,4,2,True,451.15384615384613
0,1,1,1,70,4,3,False,529.0769230769231
0,1,1,1,70,4,4,False,518.3653846153846
0,1,1,1,70,5,0,False,739.475
0,1,1,1,71,5,0,False,751.9875
0,1,1,1,72,5,0,False,740.4125
0,1,1,1,73,5,0,False,719.45
0,1,1,1,74,5,0,False,745.5375
0,1,1,1,75,5,0,False,734.5625
0,1,1,1,76,5,0,False,752.3
0,1,1,1,77,5,0,False,725.55
0,1,1,1,78,5,0,False,742.825
0,1,1,1,79,5,0,False,723.8125
0,1,1,1,80,5,0,True,101.7375
0,1,1,1,80,5,2,False,770.2375
0,1,1,1,80,5,3,False,770.75
0,1,1,1,80,5,4,True,106.3375
0,1,2,0,59,1,0,False,513.2333333333333
0,1,2,0,59,2,0,False,1527.53
0,1,2,0,59,4,0,False,476.3222222222222
0,1,2,0,59,6,0,False,145.4
0,1,2,0,60,1,0,False,443.01666666666665
0,1,2,0,60,2,0,False,1137.465
0,1,2,0,60,4,0,False,419.85555555555555
0,1,2,0,60,6,0,True,91.805
0,1,2,0,60,6,2,True,85.25
0,1,2,0,60,6,3,False,134.325
0,1,2,0,61,1,0,False,462.05833333333334
0,1,2,0,61,2,0,False,1293.665
0,1,2,0,61,4,0,False,441.8388888888889
0,1,2,0,62,1,0,False,463.7083333333333
0,1,2,0,62,2,0,False,1245.215
0,1,2,0,62,4,0,False,434.75
0,1,2,0,63,1,0,False,463.075
0,1,2,0,63,2,0,False,1290.88
0,1,2,0,63,4,0,False,455.26666666666665
0,1,2,0,64,1,0,False,389.3
0,1,2,0,64,2,0,False,991.07
0,1,2,0,64,4,0,False,362.81111111111113
0,1,2,0,65,1,0,False,411.825
0,1,2,0,65,2,0,False,1106.455
0,1,2,0,65,4,0,False,384.3388888888889
0,1,2,0,66,1,0,False,398.48333333333335
0,1,2,0,66,2,0,False,1098.255
0,1,2,0,66,4,0,False,377.39444444444445
0,1,2,0,67,1,0,False,428.8333333333333
0,1,2,0,67,2,0,False,1236.05
0,1,2,0,67,4,0,False,417.1388888888889
0,1,2,0,68,1,0,False,395.4583333333333
0,1,2,0,68,2,0,False,917.335
0,1,2,0,68,4,0,False,363.25555555555553
0,1,2,0,69,1,0,False,412.6666666666667
0,1,2,0,69,2,0,False,1020.25
0,1,2,0,69,3,0,False,109.71
0,1,2,0,69,4,0,False,399.27777777777777
0,1,2,0,70,1,0,True,383.19166666666666
0,1,2,0,70,1,2,True,412.525
0,1,2,0,70,1,3,False,455.6166666666667
0,1,2,0,70,2,0,False,1013.485
0,1,2,0,70,3,0,True,101.765
0,1,2,0,70,3,2,True,94.635
0,1,2,0,70,3,3,False,99.945
0,1,2,0,70,4,0,True,348.15555555555557
0,1,2,0,70,4,2,True,375.73333333333335
0,1,2,0,70,4,3,False,429.93888888888887
0,1,2,0,71,2,0,False,1123.56
0,1,2,0,72,2,0,False,1087.23
0,1,2,0,73,2,0,False,1260.775
0,1,2,0,74,2,0,False,1203.43
0,1,2,0,75,2,0,False,1345.56
0,1,2,0,76,2,0,False,979.395
0,1,2,0,77,2,0,False,1127.495
0,1,2,0,78,2,0,False,1113.075
0,1,2,0,79,2,0,False,1276.795
0,1,2,0,80,2,0,True,119.28
0,1,2,0,80,2,2,True,312.645
0,1,2,0,80,2,3,True,120.82
0,1,2,1,59,1,0,False,665.2261904761905
0,1,2,1,59,2,0,False,1716.807142857143
0,1,2,1,59,4,0,False,585.7870370370371
0,1,2,1,59,6,0,False,256.54285714285714
0,1,2,1,60,1,0,False,616.9166666666666
0,1,2,1,60,2,0,False,1300.9642857142858
0,1,2,1,60,4,0,False,552.8611111111111
0,1,2,1,60,6,0,True,92.24285714285715
0,1,2,1,60,6,2,True,94.55714285714286
0,1,2,1,60,6,3,False,249.07857142857142
0,1,2,1,60,6,4,False,228.84285714285716
0,1,2,1,61,1,0,False,640.5119047619048
0,1,2,1,61,2,0,False,1411.1642857142858
0,1,2,1,61,4,0,False,565.7037037037037
0,1,2,1,62,1,0,False,628.7261904761905
0,1,2,1,62,2,0,False,1390.7428571428572
0,1,2,1,62,4,0,False,572.4351851851852
0,1,2,1,63,1,0,False,628.702380952381
0,1,2,1,63,2,0,False,1417.6285714285714
0,1,2,1,63,4,0,False,571.8055555555555
0,1,2,1,64,1,0,False,560.1428571428571
0,1,2,1,64,2,0,False,1187.6357142857144
0,1,2,1,64,4,0,False,497.4074074074074
0,1,2,1,65,1,0,False,586.3333333333334
0,1,2,1,65,2,0,False,1317.15
0,1,2,1,65,4,0,False,519.2037037037037
0,1,2,1,66,1,0,False,576.3928571428571
0,1,2,1,66,2,0,False,1299.5285714285715
0,1,2,1,66,4,0,False,516.675925925926
0,1,2,1,67,1,0,False,598.5357142857143
0,1,2,1,67,2,0,False,1455.3785714285714
0,1,2,1,67,4,0,False,542.074074074074
0,1,2,1,68,1,0,False,557.4285714285714
0,1,2,1,68,2,0,False,1113.7214285714285
0,1,2,1,68,4,0,False,492.25
0,1,2,1,69,1,0,False,573.9642857142857
0,1,2,1,69,2,0,False,1208.7785714285715
0,1,2,1,69,3,0,False,184.72142857142856
0,1,2,1,69,4,0,False,522.9907407407408
0,1,2,1,69,5,0,False,763.0944444444444
0,1,2,1,70,1,0,True,528.5357142857143
0,1,2,1,70,1,2,True,577.5595238095239
0,1,2,1,70,1,3,False,630.3571428571429
0,1,2,1,70,1,4,False,607.7857142857143
0,1,2,1,70,2,0,False,1209.7214285714285
0,1,2,1,70,3,0,True,159.65
0,1,2,1,70,3,2,True,154.2
0,1,2,1,70,3,3,False,178.55
0,1,2,1,70,3,4,False,184.57857142857142
0,1,2,1,70,4,0,True,435.49074074074076
0,1,2,1,70,4,2,True,468.8703703703704
0,1,2,1,70,4,3,False,561.6851851851852
0,1,2,1,70,4,4,False,543.6574074074074
0,1,2,1,70,5,0,False,758.1166666666667
0,1,2,1,71,2,0,False,1341.2642857142857
0,1,2,1,71,5,0,False,762.5222222222222
0,1,2,1,72,2,0,False,1276.2785714285715
0,1,2,1,72,5,0,False,744.5611111111111
0,1,2,1,73,2,0,False,1459.3357142857142
0,1,2,1,73,5,0,False,727.5666666666667
0,1,2,1,74,2,0,False,1393.1214285714286
0,1,2,1,74,5,0,False,748.5722222222222
0,1,2,1,75,2,0,False,1550.7785714285715
0,1,2,1,75,5,0,False,735.5444444444445
0,1,2,1,76,2,0,False,1171.9714285714285
0,1,2,1,76,5,0,False,740.7777777777778
0,1,2,1,77,2,0,False,1309.6142857142856
0,1,2,1,77,5,0,False,734.8444444444444
0,1,2,1,78,2,0,False,1316.1857142857143
0,1,2,1,78,5,0,False,736.1833333333333
0,1,2,1,79,2,0,False,1480.9214285714286
0,1,2,1,79,5,0,False,742.3444444444444
0,1,2,1,80,2,0,True,126.50714285714285
0,1,2,1,80,2,2,True,369.97857142857146
0,1,2,1,80,2,3,True,130.6642857142857
0,1,2,1,80,2,4,False,1386.1571428571428
0,1,2,1,80,5,0,True,102.61666666666666
0,1,2,1,80,5,2,False,783.3722222222223
0,1,2,1,80,5,3,False,782.6888888888889
0,1,2,1,80,5,4,True,105.6
0,2,1,0,59,1,0,False,522.525
0,2,1,0,59,4,0,False,466.4625
0,2,1,0,59,6,0,False,144.525
0,2,1,0,60,1,0,False,447.9
0,2,1,0,60,4,0,False,412.4125
0,2,1,0,60,6,0,True,93.575
0,2,1,0,60,6,2,True,87.55
0,2,1,0,60,6,3,False,132.325
0,2,1,0,61,1,0,False,468.8
0,2,1,0,61,4,0,False,429.3125
0,2,1,0,62,1,0,False,476.3
0,2,1,0,62,4,0,False,431.5625
0,2,1,0,63,1,0,False,471.675
0,2,1,0,63,4,0,False,447.0125
0,2,1,0,64,1,0,False,394.275
0,2,1,0,64,4,0,False,351.3625
0,2,1,0,65,1,0,False,410.15
0,2,1,0,65,4,0,False,379.2375
0,2,1,0,66,1,0,False,399.35
0,2,1,0,66,4,0,False,375.925
0,2,1,0,67,1,0,False,434.025
0,2,1,0,67,4,0,False,406.8
0,2,1,0,68,1,0,False,391.625
0,2,1,0,68,4,0,False,357.725
0,2,1,0,69,1,0,False,411.95
0,2,1,0,69,3,0,False,105.425
0,2,1,0,69,4,0,False,395.3875
0,2,1,0,70,1,0,True,377.325
0,2,1,0,70,1,2,True,418.6
0,2,1,0,70,1,3,False,446.125
0,2,1,0,70,3,0,True,98.975
0,2,1,0,70,3,2,True,94.275
0,2,1,0,70,3,3,False,100.6
0,2,1,0,70,4,0,True,345.0
0,2,1,0,70,4,2,True,367.0
0,2,1,0,70,4,3,False,420.625
0,2,1,1,59,1,0,False,654.78125
0,2,1,1,59,4,0,False,570.2708333333334
0,2,1,1,59,6,0,False,257.1666666666667
0,2,1,1,60,1,0,False,607.625
0,2,1,1,60,4,0,False,544.7708333333334
0,2,1,1,60,6,0,True,92.75
0,2,1,1,60,6,2,True,95.97222222222223
0,2,1,1,60,6,3,False,245.36111111111111
0,2,1,1,60,6,4,False,230.75
0,2,1,1,61,1,0,False,623.0
0,2,1,1,61,4,0,False,550.0208333333334
0,2,1,1,62,1,0,False,620.375
0,2,1,1,62,4,0,False,551.4375
0,2,1,1,63,1,0,False,624.25
0,2,1,1,63,4,0,False,550.0625
0,2,1,1,64,1,0,False,559.21875
0,2,1,1,64,4,0,False,488.8958333333333
0,2,1,1,65,1,0,False,578.25
0,2,1,1,65,4,0,False,489.4375
0,2,1,1,66,1,0,False,568.4375
0,2,1,1,66,4,0,False,486.6458333333333
0,2,1,1,67,1,0,False,608.3125
0,2,1,1,67,4,0,False,526.5833333333334
0,2,1,1,68,1,0,False,560.65625
0,2,1,1,68,4,0,False,485.8333333333333
0,2,1,1,69,1,0,False,581.90625
0,2,1,1,69,3,0,False,177.75
0,2,1,1,69,4,0,False,512.5208333333334
0,2,1,1,69,5,0,False,745.525
0,2,1,1,70,1,0,True,523.40625
0,2,1,1,70,1,2,True,574.21875
0,2,1,1,70,1,3,False,609.34375
0,2,1,1,70,1,4,False,597.875
0,2,1,1,70,3,0,True,156.94444444444446
0,2,1,1,70,3,2,True,148.97222222222223
0,2,1,1,70,3,3,False,172.16666666666666
0,2,1,1,70,3,4,False,180.72222222222223
0,2,1,1,70,4,0,True,429.125
0,2,1,1,70,4,2,True,457.3958333333333
0,2,1,1,70,4,3,False,563.0625
0,2,1,1,70,4,4,False,541.4583333333334
0,2,1,1,70,5,0,False,756.35
0,2,1,1,71,5,0,False,750.65
0,2,1,1,72,5,0,False,739.6
0,2,1,1,73,5,0,False,727.05
0,2,1,1,74,5,0,False,758.275
0,2,1,1,75,5,0,False,724.4
0,2,1,1,76,5,0,False,736.95
0,2,1,1,77,5,0,False,741.675
0,2,1,1,78,5,0,False,781.25
0,2,1,1,79,5,0,False,736.225
0,2,1,1,80,5,0,True,103.975
0,2,1,1,80,5,2,False,779.025
0,2,1,1,80,5,3,False,771.8
0,2,1,1,80,5,4,True,104.5
0,2,2,0,59,1,0,False,511.4791666666667
0,2,2,0,59,2,0,False,1525.9107142857142
0,2,2,0,59,4,0,False,478.0416666666667
0,2,2,0,59,6,0,False,144.30357142857142
0,2,2,0,60,1,0,False,442.25
0,2,2,0,60,2,0,False,1135.2767857142858
0,2,2,0,60,4,0,False,413.9375
0,2,2,0,60,6,0,True,90.44642857142857
0,2,2,0,60,6,2,True,85.58035714285714
0,2,2,0,60,6,3,False,134.78571428571428
0,2,2,0,61,1,0,False,459.8229166666667
0,2,2,0,61,2,0,False,1283.669642857143
0,2,2,0,61,4,0,False,438.31944444444446
0,2,2,0,62,1,0,False,456.28125
0,2,2,0,62,2,0,False,1246.2857142857142
0,2,2,0,62,4,0,False,437.1875
0,2,2,0,63,1,0,False,462.78125
0,2,2,0,63,2,0,False,1302.4732142857142
0,2,2,0,63,4,0,False,454.06944444444446
0,2,2,0,64,1,0,False,387.1354166666667
0,2,2,0,64,2,0,False,1001.1428571428571
0,2,2,0,64,4,0,False,358.8611111111111
0,2,2,0,65,1,0,False,412.0729166666667
0,2,2,0,65,2,0,False,1101.6607142857142
0,2,2,0,65,4,0,False,384.40277777777777
0,2,2,0,66,1,0,False,389.625
0,2,2,0,66,2,0,False,1109.482142857143
0,2,2,0,66,4,0,False,384.27777777777777
0,2,2,0,67,1,0,False,420.5208333333333
0,2,2,0,67,2,0,False,1233.2767857142858
0,2,2,0,67,4,0,False,420.5625
0,2,2,0,68,1,0,False,383.6770833333333
0,2,2,0,68,2,0,False,910.6964285714286
0,2,2,0,68,4,0,False,364.56944444444446
0,2,2,0,69,1,0,False,408.9375
0,2,2,0,69,2,0,False,1011.9642857142857
0,2,2,0,69,3,0,False,111.11607142857143
0,2,2,0,69,4,0,False,394.0763888888889
0,2,2,0,70,1,0,True,376.8229166666667
0,2,2,0,70,1,2,True,417.8229166666667
0,2,2,0,70,1,3,False,448.3645833333333
0,2,2,0,70,2,0,False,1018.7142857142857
0,2,2,0,70,3,0,True,103.47321428571429
0,2,2,0,70,3,2,True,96.51785714285714
0,2,2,0,70,3,3,False,103.84821428571429
0,2,2,0,70,4,0,True,344.6458333333333
0,2,2,0,70,4,2,True,369.9166666666667
0,2,2,0,70,4,3,False,431.40277777777777
0,2,2,0,71,2,0,False,1120.4107142857142
0,2,2,0,72,2,0,False,1082.267857142857
0,2,2,0,73,2,0,False,1238.5267857142858
0,2,2,0,74,2,0,False,1198.0714285714287
0,2,2,0,75,2,0,False,1337.205357142857
0,2,2,0,76,2,0,False,981.2410714285714
0,2,2,0,77,2,0,False,1129.607142857143
0,2,2,0,78,2,0,False,1101.482142857143
0,2,2,0,79,2,0,False,1285.4107142857142
0,2,2,0,80,2,0,True,116.82142857142857
0,2,2,0,80,2,2,True,311.9732142857143
0,2,2,0,80,2,3,True,123.60714285714286
0,2,2,1,59,1,0,False,678.7037037037037
0,2,2,1,59,2,0,False,1706.0378787878788
0,2,2,1,59,4,0,False,583.0763888888889
0,2,2,1,59,6,0,False,254.7651515151515
0,2,2,1,60,1,0,False,620.5
0,2,2,1,60,2,0,False,1310.6818181818182
0,2,2,1,60,4,0,False,555.9097222222222
0,2,2,1,60,6,0,True,91.25757575757575
0,2,2,1,60,6,2,True,93.21212121212122
0,2,2,1,60,6,3,False,245.25
0,2,2,1,60,6,4,False,227.28030303030303
0,2,2,1,61,1,0,False,641.8703703703703
0,2,2,1,61,2,0,False,1420.0454545454545
0,2,2,1,61,4,0,False,570.3402777777778
0,2,2,1,62,1,0,False,638.2129629629629
0,2,2,1,62,2,0,False,1396.8484848484848
0,2,2,1,62,4,0,False,574.0902777777778
0,2,2,1,63,1,0,False,644.0092592592592
0,2,2,1,63,2,0,False,1436.7954545454545
0,2,2,1,63,4,0,False,584.3055555555555
0,2,2,1,64,1,0,False,569.8611111111111
0,2,2,1,64,2,0,False,1201.8181818181818
0,2,2,1,64,4,0,False,499.55555555555554
0,2,2,1,65,1,0,False,596.6203703703703
0,2,2,1,65,2,0,False,1301.3030303030303
0,2,2,1,65,4,0,False,524.8055555555555
0,2,2,1,66,1,0,False,581.6111111111111
0,2,2,1,66,2,0,False,1301.0530303030303
0,2,2,1,66,4,0,False,506.97222222222223
0,2,2,1,67,1,0,False,619.6574074074074
0,2,2,1,67,2,0,False,1454.280303030303
0,2,2,1,67,4,0,False,544.1041666666666
0,2,2,1,68,1,0,False,574.7037037037037
0,2,2,1,68,2,0,False,1110.780303030303
0,2,2,1,68,4,0,False,504.1458333333333
0,2,2,1,69,1,0,False,590.574074074074
0,2,2,1,69,2,0,False,1224.4166666666667
0,2,2,1,69,3,0,False,186.20454545454547
0,2,2,1,69,4,0,False,531.3402777777778
0,2,2,1,69,5,0,False,756.5833333333334
0,2,2,1,70,1,0,True,548.7129629629629
0,2,2,1,70,1,2,True,596.2870370370371
0,2,2,1,70,1,3,False,636.1111111111111
0,2,2,1,70,1,4,False,629.2037037037037
0,2,2,1,70,2,0,False,1214.3257575757575
0,2,2,1,70,3,0,True,160.17424242424244
0,2,2,1,70,3,2,True,154.41666666666666
0,2,2,1,70,3,3,False,176.54545454545453
0,2,2,1,70,3,4,False,186.8560606060606
0,2,2,1,70,4,0,True,443.4861111111111
0,2,2,1,70,4,2,True,478.5208333333333
0,2,2,1,70,4,3,False,567.4652777777778
0,2,2,1,70,4,4,False,552.0347222222222
0,2,2,1,70,5,0,False,762.6388888888889
0,2,2,1,71,2,0,False,1325.9318181818182
0,2,2,1,71,5,0,False,760.2013888888889
0,2,2,1,72,2,0,False,1279.1742424242425
0,2,2,1,72,5,0,False,746.9652777777778
0,2,2,1,73,2,0,False,1451.659090909091
0,2,2,1,73,5,0,False,729.5902777777778
0,2,2,1,74,2,0,False,1407.871212121212
0,2,2,1,74,5,0,False,758.2847222222222
0,2,2,1,75,2,0,False,1557.2045454545455
0,2,2,1,75,5,0,False,751.1527777777778
0,2,2,1,76,2,0,False,1185.1515151515152
0,2,2,1,76,5,0,False,748.1736111111111
0,2,2,1,77,2,0,False,1322.4924242424242
0,2,2,1,77,5,0,False,755.9791666666666
0,2,2,1,78,2,0,False,1335.5454545454545
0,2,2,1,78,5,0,False,752.4722222222222
0,2,2,1,79,2,0,False,1494.6363636363637
0,2,2,1,79,5,0,False,742.2361111111111
0,2,2,1,80,2,0,True,129.5
0,2,2,1,80,2,2,True,379.8939393939394
0,2,2,1,80,2,3,True,133.0530303030303
0,2,2,1,80,2,4,False,1396.310606060606
0,2,2,1,80,5,0,True,103.15972222222223
0,2,2,1,80,5,2,False,786.0694444444445
0,2,2,1,80,5,3,False,793.3263888888889
0,2,2,1,80,5,4,True,104.94444444444444
0,3,1,0,59,1,0,False,537.875
0,3,1,0,59,4,0,False,472.2083333333333
0,3,1,0,59,6,0,False,137.875
0,3,1,0,60,1,0,False,478.125
0,3,1,0,60,4,0,False,417.375
0,3,1,0,60,6,0,True,93.25
0,3,1,0,60,6,2,True,92.5
0,3,1,0,60,6,3,False,139.125
0,3,1,0,61,1,0,False,456.875
0,3,1,0,61,4,0,False,441.2916666666667
0,3,1,0,62,1,0,False,473.375
0,3,1,0,62,4,0,False,432.25
0,3,1,0,63,1,0,False,461.5
0,3,1,0,63,4,0,False,457.2916666666667
0,3,1,0,64,1,0,False,387.0
0,3,1,0,64,4,0,False,353.2916666666667
0,3,1,0,65,1,0,False,412.125
0,3,1,0,65,4,0,False,378.125
0,3,1,0,66,1,0,False,397.0
0,3,1,0,66,4,0,False,374.6666666666667
0,3,1,0,67,1,0,False,439.375
0,3,1,0,67,4,0,False,415.4583333333333
0,3,1,0,68,1,0,False,400.0
0,3,1,0,68,4,0,False,366.875
0,3,1,0,69,1,0,False,416.25
0,3,1,0,69,3,0,False,113.875
0,3,1,0,69,4,0,False,393.8333333333333
0,3,1,0,70,1,0,True,374.625
0,3,1,0,70,1,2,True,403.0
0,3,1,0,70,1,3,False,457.5
0,3,1,0,70,3,0,True,106.25
0,3,1,0,70,3,2,True,94.0
0,3,1,0,70,3,3,False,97.0
0,3,1,0,70,4,0,True,333.0
0,3,1,0,70,4,2,True,361.0416666666667
0,3,1,0,70,4,3,False,421.125
0,3,1,1,59,1,0,False,706.4166666666666
0,3,1,1,59,4,0,False,595.9166666666666
0,3,1,1,59,6,0,False,248.08333333333334
0,3,1,1,60,1,0,False,626.0833333333334
0,3,1,1,60,4,0,False,554.625
0,3,1,1,60,6,0,True,92.58333333333333
0,3,1,1,60,6,2,True,95.66666666666667
0,3,1,1,60,6,3,False,256.8333333333333
0,3,1,1,60,6,4,False,225.25
0,3,1,1,61,1,0,False,672.75
0,3,1,1,61,4,0,False,551.7083333333334
0,3,1,1,62,1,0,False,621.8333333333334
0,3,1,1,62,4,0,False,551.375
0,3,1,1,63,1,0,False,643.4166666666666
0,3,1,1,63,4,0,False,581.2916666666666
0,3,1,1,64,1,0,False,574.6666666666666
0,3,1,1,64,4,0,False,495.25
0,3,1,1,65,1,0,False,591.0833333333334
0,3,1,1,65,4,0,False,502.875
0,3,1,1,66,1,0,False,580.5
0,3,1,1,66,4,0,False,512.9583333333334
0,3,1,1,67,1,0,False,635.3333333333334
0,3,1,1,67,4,0,False,531.875
0,3,1,1,68,1,0,False,576.8333333333334
0,3,1,1,68,4,0,False,491.5833333333333
0,3,1,1,69,1,0,False,580.8333333333334
0,3,1,1,69,3,0,False,185.91666666666666
0,3,1,1,69,4,0,False,511.0833333333333
0,3,1,1,69,5,0,False,748.1666666666666
0,3,1,1,70,1,0,True,537.0833333333334
0,3,1,1,70,1,2,True,592.8333333333334
0,3,1,1,70,1,3,False,644.9166666666666
0,3,1,1,70,1,4,False,599.1666666666666
0,3,1,1,70,3,0,True,156.83333333333334
0,3,1,1,70,3,2,True,145.75
0,3,1,1,70,3,3,False,178.0
0,3,1,1,70,3,4,False,186.08333333333334
0,3,1,1,70,4,0,True,431.3333333333333
0,3,1,1,70,4,2,True,456.25
0,3,1,1,70,4,3,False,533.5833333333334
0,3,1,1,70,4,4,False,547.2916666666666
0,3,1,1,70,5,0,False,757.9166666666666
0,3,1,1,71,5,0,False,755.25
0,3,1,1,72,5,0,False,730.8333333333334
0,3,1,1,73,5,0,False,714.9166666666666
0,3,1,1,74,5,0,False,741.0
0,3,1,1,75,5,0,False,722.3333333333334
0,3,1,1,76,5,0,False,704.4166666666666
0,3,1,1,77,5,0,False,717.5
0,3,1,1,78,5,0,False,741.8333333333334
0,3,1,1,79,5,0,False,713.3333333333334
0,3,1,1,80,5,0,True,102.41666666666667
0,3,1,1,80,5,2,False,755.6666666666666
0,3,1,1,80,5,3,False,777.3333333333334
0,3,1,1,80,5,4,True,103.83333333333333
0,3,2,0,59,1,0,False,521.6944444444445
0,3,2,0,59,2,0,False,1517.0833333333333
0,3,2,0,59,4,0,False,474.6388888888889
0,3,2,0,59,6,0,False,142.5
0,3,2,0,60,1,0,False,441.0
0,3,2,0,60,2,0,False,1159.638888888889
0,3,2,0,60,4,0,False,411.6111111111111
0,3,2,0,60,6,0,True,88.69444444444444
0,3,2,0,60,6,2,True,83.94444444444444
0,3,2,0,60,6,3,False,133.19444444444446
0,3,2,0,61,1,0,False,459.6666666666667
0,3,2,0,61,2,0,False,1291.1666666666667
0,3,2,0,61,4,0,False,442.2083333333333
0,3,2,0,62,1,0,False,473.4166666666667
0,3,2,0,62,2,0,False,1236.0833333333333
0,3,2,0,62,4,0,False,438.4861111111111
0,3,2,0,63,1,0,False,475.30555555555554
0,3,2,0,63,2,0,False,1318.361111111111
0,3,2,0,63,4,0,False,459.72222222222223
0,3,2,0,64,1,0,False,390.52777777777777
0,3,2,0,64,2,0,False,1024.0277777777778
0,3,2,0,64,4,0,False,354.1666666666667
0,3,2,0,65,1,0,False,413.1666666666667
0,3,2,0,65,2,0,False,1109.2777777777778
0,3,2,0,65,4,0,False,389.30555555555554
0,3,2,0,66,1,0,False,396.30555555555554
0,3,2,0,66,2,0,False,1117.138888888889
0,3,2,0,66,4,0,False,382.7361111111111
0,3,2,0,67,1,0,False,422.0
0,3,2,0,67,2,0,False,1228.4722222222222
0,3,2,0,67,4,0,False,420.09722222222223
0,3,2,0,68,1,0,False,386.25
0,3,2,0,68,2,0,False,901.3611111111111
0,3,2,0,68,4,0,False,365.97222222222223
0,3,2,0,69,1,0,False,419.3333333333333
0,3,2,0,69,2,0,False,1015.2777777777778
0,3,2,0,69,3,0,False,107.02777777777777
0,3,2,0,69,4,0,False,401.8333333333333
0,3,2,0,70,1,0,True,376.4166666666667
0,3,2,0,70,1,2,True,415.1388888888889
0,3,2,0,70,1,3,False,442.75
0,3,2,0,70,2,0,False,1009.9166666666666
0,3,2,0,70,3,0,True,99.41666666666667
0,3,2,0,70,3,2,True,96.27777777777777
0,3,2,0,70,3,3,False,99.80555555555556
0,3,2,0,70,4,0,True,345.8611111111111
0,3,2,0,70,4,2,True,371.875
0,3,2,0,70,4,3,False,433.1388888888889
0,3,2,0,71,2,0,False,1123.6944444444443
0,3,2,0,72,2,0,False,1067.611111111111
0,3,2,0,73,2,0,False,1249.5277777777778
0,3,2,0,74,2,0,False,1189.4444444444443
0,3,2,0,75,2,0,False,1342.25
0,3,2,0,76,2,0,False,1001.9444444444445
0,3,2,0,77,2,0,False,1128.8333333333333
0,3,2,0,78,2,0,False,1107.888888888889
0,3,2,0,79,2,0,False,1272.6944444444443
0,3,2,0,80,2,0,True,119.83333333333333
0,3,2,0,80,2,2,True,316.5833333333333
0,3,2,0,80,2,3,True,127.83333333333333
0,3,2,1,59,1,0,False,688.625
0,3,2,1,59,2,0,False,1721.236111111111
0,3,2,1,59,4,0,False,588.4916666666667
0,3,2,1,59,6,0,False,259.52777777777777
0,3,2,1,60,1,0,False,630.9166666666666
0,3,2,1,60,2,0,False,1308.6805555555557
0,3,2,1,60,4,0,False,550.225
0,3,2,1,60,6,0,True,90.66666666666667
0,3,2,1,60,6,2,True,91.625
0,3,2,1,60,6,3,False,241.76388888888889
0,3,2,1,60,6,4,False,226.08333333333334
0,3,2,1,61,1,0,False,645.9722222222222
0,3,2,1,61,2,0,False,1430.5694444444443
0,3,2,1,61,4,0,False,566.8166666666667
0,3,2,1,62,1,0,False,657.125
0,3,2,1,62,2,0,False,1390.6527777777778
0,3,2,1,62,4,0,False,574.3916666666667
0,3,2,1,63,1,0,False,667.4861111111111
0,3,2,1,63,2,0,False,1448.625
0,3,2,1,63,4,0,False,585.7666666666667
0,3,2,1,64,1,0,False,575.9861111111111
0,3,2,1,64,2,0,False,1195.4166666666667
0,3,2,1,64,4,0,False,494.675
0,3,2,1,65,1,0,False,611.1388888888889
0,3,2,1,65,2,0,False,1303.4722222222222
0,3,2,1,65,4,0,False,515.975
0,3,2,1,66,1,0,False,608.9722222222222
0,3,2,1,66,2,0,False,1314.3194444444443
0,3,2,1,66,4,0,False,510.90833333333336
0,3,2,1,67,1,0,False,645.7222222222222
0,3,2,1,67,2,0,False,1459.6666666666667
0,3,2,1,67,4,0,False,548.0166666666667
0,3,2,1,68,1,0,False,590.8472222222222
0,3,2,1,68,2,0,False,1112.236111111111
0,3,2,1,68,4,0,False,503.98333333333335
0,3,2,1,69,1,0,False,614.9861111111111
0,3,2,1,69,2,0,False,1226.513888888889
0,3,2,1,69,3,0,False,189.88888888888889
0,3,2,1,69,4,0,False,530.225
0,3,2,1,69,5,0,False,757.9166666666666
0,3,2,1,70,1,0,True,554.0416666666666
0,3,2,1,70,1,2,True,609.0972222222222
0,3,2,1,70,1,3,False,642.6527777777778
0,3,2,1,70,1,4,False,640.75
0,3,2,1,70,2,0,False,1231.486111111111
0,3,2,1,70,3,0,True,160.40277777777777
0,3,2,1,70,3,2,True,152.61111111111111
0,3,2,1,70,3,3,False,176.68055555555554
0,3,2,1,70,3,4,False,190.08333333333334
0,3,2,1,70,4,0,True,444.475
0,3,2,1,70,4,2,True,474.96666666666664
0,3,2,1,70,4,3,False,571.8333333333334
0,3,2,1,70,4,4,False,557.3333333333334
0,3,2,1,70,5,0,False,760.3611111111111
0,3,2,1,71,2,0,False,1345.888888888889
0,3,2,1,71,5,0,False,761.2361111111111
0,3,2,1,72,2,0,False,1291.125
0,3,2,1,72,5,0,False,757.0972222222222
0,3,2,1,73,2,0,False,1480.0277777777778
0,3,2,1,73,5,0,False,729.4305555555555
0,3,2,1,74,2,0,False,1425.486111111111
0,3,2,1,74,5,0,False,747.4583333333334
0,3,2,1,75,2,0,False,1560.8055555555557
0,3,2,1,75,5,0,False,756.75
0,3,2,1,76,2,0,False,1181.1944444444443
0,3,2,1,76,5,0,False,743.7638888888889
0,3,2,1,77,2,0,False,1324.9583333333333
0,3,2,1,77,5,0,False,747.3055555555555
0,3,2,1,78,2,0,False,1316.5416666666667
0,3,2,1,78,5,0,False,740.7222222222222
0,3,2,1,79,2,0,False,1484.5555555555557
0,3,2,1,79,5,0,False,746.1527777777778
0,3,2,1,80,2,0,True,127.43055555555556
0,3,2,1,80,2,2,True,387.3888888888889
0,3,2,1,80,2,3,True,134.61111111111111
0,3,2,1,80,2,4,False,1394.8472222222222
0,3,2,1,80,5,0,True,101.33333333333333
0,3,2,1,80,5,2,False,798.625
0,3,2,1,80,5,3,False,782.8888888888889
0,3,2,1,80,5,4,True,101.68055555555556
1,1,2,0,59,2,0,False,35478.3125
1,1,2,0,59,6,0,False,1719.2291666666667
1,1,2,0,60,2,0,False,24690.5
1,1,2,0,60,6,0,False,1196.5625
1,1,2,0,61,2,0,False,28678.229166666668
1,1,2,0,61,6,0,False,1255.9583333333333
1,1,2,0,62,2,0,False,27198.833333333332
1,1,2,0,62,6,0,False,1202.75
1,1,2,0,63,2,0,False,29408.0625
1,1,2,0,63,6,0,False,1260.4375
1,1,2,0,64,2,0,False,21949.354166666668
1,1,2,0,64,6,0,False,1168.3125
1,1,2,0,65,2,0,False,26256.458333333332
1,1,2,0,65,6,0,False,1236.5
1,1,2,0,66,2,0,False,25369.6875
1,1,2,0,66,6,0,False,1279.8958333333333
1,1,2,0,67,2,0,False,29925.041666666668
1,1,2,0,67,6,0,False,1483.7916666666667
1,1,2,0,68,2,0,False,19271.291666666668
1,1,2,0,68,6,0,False,1078.7708333333333
1,1,2,0,69,2,0,False,22848.75
1,1,2,0,69,3,0,False,465.8541666666667
1,1,2,0,69,6,0,False,1105.9375
1,1,2,0,70,2,0,False,21991.9375
1,1,2,0,70,3,0,False,476.7708333333333
1,1,2,0,70,6,0,False,1165.1875
1,1,2,0,71,2,0,False,25994.0
1,1,2,0,71,3,0,False,444.125
1,1,2,0,71,6,0,False,1328.125
1,1,2,0,72,2,0,False,24081.770833333332
1,1,2,0,72,3,0,False,462.2708333333333
1,1,2,0,72,6,0,False,1268.4791666666667
1,1,2,0,73,2,0,False,29144.604166666668
1,1,2,0,73,3,0,False,431.1875
1,1,2,0,73,6,0,False,1409.3958333333333
1,1,2,0,74,2,0,False,27501.9375
1,1,2,0,74,3,0,False,467.5625
1,1,2,0,74,6,0,False,1352.9583333333333
1,1,2,0,75,2,0,False,31956.75
1,1,2,0,75,3,0,False,442.375
1,1,2,0,75,6,0,False,1573.5625
1,1,2,0,76,2,0,False,20463.4375
1,1,2,0,76,3,0,False,480.7916666666667
1,1,2,0,76,6,0,False,1128.0208333333333
1,1,2,0,77,2,0,False,25185.479166666668
1,1,2,0,77,3,0,False,437.8333333333333
1,1,2,0,77,6,0,False,1250.6041666666667
1,1,2,0,78,2,0,False,23841.145833333332
1,1,2,0,78,3,0,False,478.0833333333333
1,1,2,0,78,6,0,False,1217.3125
1,1,2,0,79,2,0,False,28590.208333333332
1,1,2,0,79,3,0,False,443.0416666666667
1,1,2,0,79,6,0,False,1407.3333333333333
1,1,2,0,80,2,0,True,5465.270833333333
1,1,2,0,80,2,1,True,5927.4375
1,1,2,0,80,2,2,False,27858.770833333332
1,1,2,0,80,2,3,False,29312.479166666668
1,1,2,0,80,3,0,True,92.33333333333333
1,1,2,0,80,3,1,True,91.35416666666667
1,1,2,0,80,3,2,False,477.7083333333333
1,1,2,0,80,3,3,False,470.4166666666667
1,1,2,0,80,6,0,True,333.0208333333333
1,1,2,0,80,6,1,True,335.9375
1,1,2,0,80,6,2,False,1394.5833333333333
1,1,2,0,80,6,3,False,1434.625
1,1,2,1,59,2,0,False,40353.88888888889
1,1,2,1,59,6,0,False,4476.416666666667
1,1,2,1,60,2,0,False,28170.11111111111
1,1,2,1,60,6,0,False,3407.3333333333335
1,1,2,1,61,2,0,False,31292.38888888889
1,1,2,1,61,6,0,False,3331.222222222222
1,1,2,1,62,2,0,False,30704.222222222223
1,1,2,1,62,6,0,False,3418.722222222222
1,1,2,1,63,2,0,False,32320.666666666668
1,1,2,1,63,6,0,False,3304.4166666666665
1,1,2,1,64,2,0,False,27020.277777777777
1,1,2,1,64,6,0,False,3243.8333333333335
1,1,2,1,65,2,0,False,31143.472222222223
1,1,2,1,65,6,0,False,3505.777777777778
1,1,2,1,66,2,0,False,30776.722222222223
1,1,2,1,66,6,0,False,3630.5833333333335
1,1,2,1,67,2,0,False,35298.805555555555
1,1,2,1,67,6,0,False,3996.9444444444443
1,1,2,1,68,2,0,False,24020.194444444445
1,1,2,1,68,6,0,False,3008.1388888888887
1,1,2,1,69,2,0,False,27255.555555555555
1,1,2,1,69,3,0,False,1560.3055555555557
1,1,2,1,69,5,0,False,8812.222222222223
1,1,2,1,69,6,0,False,3094.972222222222
1,1,2,1,70,2,0,False,26999.63888888889
1,1,2,1,70,3,0,False,1557.0555555555557
1,1,2,1,70,5,0,False,8872.25
1,1,2,1,70,6,0,False,3136.4166666666665
1,1,2,1,71,2,0,False,31141.61111111111
1,1,2,1,71,3,0,False,1522.9444444444443
1,1,2,1,71,5,0,False,8882.138888888889
1,1,2,1,71,6,0,False,3598.5555555555557
1,1,2,1,72,2,0,False,29333.25
1,1,2,1,72,3,0,False,1521.5555555555557
1,1,2,1,72,5,0,False,8841.111111111111
1,1,2,1,72,6,0,False,3397.222222222222
1,1,2,1,73,2,0,False,34668.22222222222
1,1,2,1,73,3,0,False,1317.8333333333333
1,1,2,1,73,5,0,False,8684.027777777777
1,1,2,1,73,6,0,False,3898.3888888888887
1,1,2,1,74,2,0,False,32808.083333333336
1,1,2,1,74,3,0,False,1506.9444444444443
1,1,2,1,74,5,0,False,8988.388888888889
1,1,2,1,74,6,0,False,3705.8055555555557
1,1,2,1,75,2,0,False,37421.166666666664
1,1,2,1,75,3,0,False,1392.25
1,1,2,1,75,5,0,False,8798.722222222223
1,1,2,1,75,6,0,False,4176.805555555556
1,1,2,1,76,2,0,False,25194.555555555555
1,1,2,1,76,3,0,False,1537.0555555555557
1,1,2,1,76,5,0,False,8792.972222222223
1,1,2,1,76,6,0,False,3098.5
1,1,2,1,77,2,0,False,29798.027777777777
1,1,2,1,77,3,0,False,1323.611111111111
1,1,2,1,77,5,0,False,8758.444444444445
1,1,2,1,77,6,0,False,3379.25
1,1,2,1,78,2,0,False,28727.222222222223
1,1,2,1,78,3,0,False,1529.7777777777778
1,1,2,1,78,5,0,False,8900.583333333334
1,1,2,1,78,6,0,False,3321.6388888888887
1,1,2,1,79,2,0,False,33975.333333333336
1,1,2,1,79,3,0,False,1461.9166666666667
1,1,2,1,79,5,0,False,8895.416666666666
1,1,2,1,79,6,0,False,3782.8333333333335
1,1,2,1,80,2,0,True,6619.138888888889
1,1,2,1,80,2,1,True,6903.833333333333
1,1,2,1,80,2,2,False,33476.13888888889
1,1,2,1,80,2,3,False,35103.25
1,1,2,1,80,2,4,False,31005.86111111111
1,1,2,1,80,3,0,True,115.94444444444444
1,1,2,1,80,3,1,True,115.66666666666667
1,1,2,1,80,3,2,False,1461.9444444444443
1,1,2,1,80,3,3,False,1380.361111111111
1,1,2,1,80,3,4,False,1556.5555555555557
1,1,2,1,80,5,0,False,8744.083333333334
1,1,2,1,80,6,0,True,843.1944444444445
1,1,2,1,80,6,1,True,882.8888888888889
1,1,2,1,80,6,2,False,3754.1388888888887
1,1,2,1,80,6,3,False,3872.1944444444443
1,1,2,1,80,6,4,False,3535.5
1,1,2,1,81,5,0,False,8469.611111111111
1,1,2,1,82,5,0,False,8772.416666666666
1,1,2,1,83,5,0,False,8603.527777777777
1,1,2,1,84,5,0,False,8788.916666666666
1,1,2,1,85,5,0,False,8452.833333333334
1,1,2,1,86,5,0,False,8802.611111111111
1,1,2,1,87,5,0,False,8622.666666666666
1,1,2,1,88,5,0,False,8761.166666666666
1,1,2,1,89,5,0,False,8645.388888888889
1,1,2,1,90,5,0,True,81.88888888888889
1,1,2,1,90,5,1,True,1433.0277777777778
1,1,2,1,90,5,2,False,10424.472222222223
1,1,2,1,90,5,3,False,9327.916666666666
1,1,2,1,90,5,4,True,84.72222222222223
1,2,2,0,59,1,0,False,15105.916666666666
1,2,2,0,59,2,0,False,35231.433333333334
1,2,2,0,59,4,0,False,951.8333333333334
1,2,2,0,59,6,0,False,1703.1
1,2,2,0,60,1,0,False,10599.277777777777
1,2,2,0,60,2,0,False,24628.883333333335
1,2,2,0,60,4,0,False,882.3333333333334
1,2,2,0,60,6,0,False,1168.7166666666667
1,2,2,0,61,1,0,False,12062.361111111111
1,2,2,0,61,2,0,False,28386.733333333334
1,2,2,0,61,4,0,False,927.1944444444445
1,2,2,0,61,6,0,False,1241.9
1,2,2,0,62,1,0,False,11614.972222222223
1,2,2,0,62,2,0,False,27104.533333333333
1,2,2,0,62,4,0,False,921.4722222222222
1,2,2,0,62,6,0,False,1217.8833333333334
1,2,2,0,63,1,0,False,12824.388888888889
1,2,2,0,63,2,0,False,29260.85
1,2,2,0,63,4,0,False,952.1388888888889
1,2,2,0,63,6,0,False,1215.6
1,2,2,0,64,1,0,False,9324.944444444445
1,2,2,0,64,2,0,False,21867.433333333334
1,2,2,0,64,4,0,False,737.0555555555555
1,2,2,0,64,6,0,False,1151.7
1,2,2,0,65,1,0,False,11079.166666666666
1,2,2,0,65,2,0,False,26133.133333333335
1,2,2,0,65,4,0,False,795.4166666666666
1,2,2,0,65,6,0,False,1243.2166666666667
1,2,2,0,66,1,0,False,10866.777777777777
1,2,2,0,66,2,0,False,25322.6
1,2,2,0,66,4,0,False,790.6944444444445
1,2,2,0,66,6,0,False,1267.6333333333334
1,2,2,0,67,1,0,False,12906.527777777777
1,2,2,0,67,2,0,False,29747.25
1,2,2,0,67,4,0,False,834.6111111111111
1,2,2,0,67,6,0,False,1472.2666666666667
1,2,2,0,68,1,0,False,8803.194444444445
1,2,2,0,68,2,0,False,19010.85
1,2,2,0,68,4,0,False,738.8888888888889
1,2,2,0,68,6,0,False,1065.3833333333334
1,2,2,0,69,1,0,False,10437.833333333334
1,2,2,0,69,2,0,False,22603.083333333332
1,2,2,0,69,3,0,False,455.28333333333336
1,2,2,0,69,4,0,False,824.2222222222222
1,2,2,0,69,6,0,False,1102.4666666666667
1,2,2,0,70,1,0,False,10025.777777777777
1,2,2,0,70,2,0,False,21829.183333333334
1,2,2,0,70,3,0,False,473.51666666666665
1,2,2,0,70,4,0,True,403.94444444444446
1,2,2,0,70,4,1,False,908.25
1,2,2,0,70,4,2,True,462.44444444444446
1,2,2,0,70,4,3,False,937.6666666666666
1,2,2,0,70,6,0,False,1166.95
1,2,2,0,71,1,0,False,11753.944444444445
1,2,2,0,71,2,0,False,25648.316666666666
1,2,2,0,71,3,0,False,434.8333333333333
1,2,2,0,71,6,0,False,1305.0
1,2,2,0,72,1,0,False,10487.5
1,2,2,0,72,2,0,False,23891.516666666666
1,2,2,0,72,3,0,False,456.68333333333334
1,2,2,0,72,6,0,False,1227.0666666666666
1,2,2,0,73,1,0,False,12919.166666666666
1,2,2,0,73,2,0,False,28885.4
1,2,2,0,73,3,0,False,414.85
1,2,2,0,73,6,0,False,1391.7
1,2,2,0,74,1,0,False,12246.888888888889
1,2,2,0,74,2,0,False,27252.783333333333
1,2,2,0,74,3,0,False,455.9
1,2,2,0,74,6,0,False,1324.8833333333334
1,2,2,0,75,1,0,False,14634.222222222223
1,2,2,0,75,2,0,False,31755.55
1,2,2,0,75,3,0,False,427.35
1,2,2,0,75,6,0,False,1568.15
1,2,2,0,76,1,0,False,9649.305555555555
1,2,2,0,76,2,0,False,20316.65
1,2,2,0,76,3,0,False,460.05
1,2,2,0,76,6,0,False,1124.8
1,2,2,0,77,1,0,False,11680.277777777777
1,2,2,0,77,2,0,False,24790.216666666667
1,2,2,0,77,3,0,False,422.28333333333336
1,2,2,0,77,6,0,False,1224.9
1,2,2,0,78,1,0,False,11226.25
1,2,2,0,78,2,0,False,23479.0
1,2,2,0,78,3,0,False,471.98333333333335
1,2,2,0,78,6,0,False,1191.5833333333333
1,2,2,0,79,1,0,False,13372.083333333334
1,2,2,0,79,2,0,False,28241.266666666666
1,2,2,0,79,3,0,False,434.45
1,2,2,0,79,6,0,False,1377.25
1,2,2,0,80,1,0,False,10009.222222222223
1,2,2,0,80,2,0,True,5507.5
1,2,2,0,80,2,1,True,5922.533333333334
1,2,2,0,80,2,2,False,27633.433333333334
1,2,2,0,80,2,3,False,29100.45
1,2,2,0,80,3,0,True,91.1
1,2,2,0,80,3,1,True,86.88333333333334
1,2,2,0,80,3,2,False,472.35
1,2,2,0,80,3,3,False,465.8333333333333
1,2,2,0,80,6,0,True,324.35
1,2,2,0,80,6,1,True,334.1
1,2,2,0,80,6,2,False,1372.45
1,2,2,0,80,6,3,False,1422.1333333333334
1,2,2,0,81,1,0,False,12243.333333333334
1,2,2,0,82,1,0,False,12013.694444444445
1,2,2,0,83,1,0,False,13958.722222222223
1,2,2,0,84,1,0,False,9265.694444444445
1,2,2,0,85,1,0,False,11109.944444444445
1,2,2,0,86,1,0,False,10743.111111111111
1,2,2,0,87,1,0,False,12694.277777777777
1,2,2,0,88,1,0,False,10967.305555555555
1,2,2,0,89,1,0,False,12809.388888888889
1,2,2,0,90,1,0,True,229.94444444444446
1,2,2,0,90,1,1,True,5484.194444444444
1,2,2,0,90,1,2,True,248.02777777777777
1,2,2,0,90,1,3,False,14678.444444444445
1,2,2,1,59,1,0,False,21354.875
1,2,2,1,59,2,0,False,40048.25
1,2,2,1,59,4,0,False,1250.375
1,2,2,1,59,6,0,False,4488.309523809524
1,2,2,1,60,1,0,False,16957.666666666668
1,2,2,1,60,2,0,False,28181.654761904763
1,2,2,1,60,4,0,False,1205.1458333333333
1,2,2,1,60,6,0,False,3310.3690476190477
1,2,2,1,61,1,0,False,17870.708333333332
1,2,2,1,61,2,0,False,31158.75
1,2,2,1,61,4,0,False,1200.2083333333333
1,2,2,1,61,6,0,False,3308.2380952380954
1,2,2,1,62,1,0,False,17725.583333333332
1,2,2,1,62,2,0,False,30506.29761904762
1,2,2,1,62,4,0,False,1215.7916666666667
1,2,2,1,62,6,0,False,3405.1190476190477
1,2,2,1,63,1,0,False,18380.0
1,2,2,1,63,2,0,False,31941.02380952381
1,2,2,1,63,4,0,False,1202.3958333333333
1,2,2,1,63,6,0,False,3289.1190476190477
1,2,2,1,64,1,0,False,15591.791666666666
1,2,2,1,64,2,0,False,26735.916666666668
1,2,2,1,64,4,0,False,1045.0625
1,2,2,1,64,6,0,False,3233.3690476190477
1,2,2,1,65,1,0,False,17312.208333333332
1,2,2,1,65,2,0,False,30919.059523809523
1,2,2,1,65,4,0,False,1122.1041666666667
1,2,2,1,65,6,0,False,3484.25
1,2,2,1,66,1,0,False,17394.375
1,2,2,1,66,2,0,False,30479.690476190477
1,2,2,1,66,4,0,False,1085.7916666666667
1,2,2,1,66,6,0,False,3533.3809523809523
1,2,2,1,67,1,0,False,19236.75
1,2,2,1,67,2,0,False,35290.02380952381
1,2,2,1,67,4,0,False,1169.5833333333333
1,2,2,1,67,6,0,False,4002.7619047619046
1,2,2,1,68,1,0,False,14948.958333333334
1,2,2,1,68,2,0,False,23673.714285714286
1,2,2,1,68,4,0,False,1063.4583333333333
1,2,2,1,68,6,0,False,2943.964285714286
1,2,2,1,69,1,0,False,16339.395833333334
1,2,2,1,69,2,0,False,27162.22619047619
1,2,2,1,69,3,0,False,1518.9642857142858
1,2,2,1,69,4,0,False,1115.2916666666667
1,2,2,1,69,5,0,False,8747.297619047618
1,2,2,1,69,6,0,False,3066.7023809523807
1,2,2,1,70,1,0,False,16229.916666666666
1,2,2,1,70,2,0,False,26857.666666666668
1,2,2,1,70,3,0,False,1506.702380952381
1,2,2,1,70,4,0,True,509.75
1,2,2,1,70,4,1,False,1185.9583333333333
1,2,2,1,70,4,2,True,552.7916666666666
1,2,2,1,70,4,3,False,1233.2291666666667
1,2,2,1,70,4,4,False,1187.6875
1,2,2,1,70,5,0,False,8981.309523809523
1,2,2,1,70,6,0,False,3139.214285714286
1,2,2,1,71,1,0,False,17921.520833333332
1,2,2,1,71,2,0,False,31048.654761904763
1,2,2,1,71,3,0,False,1460.7380952380952
1,2,2,1,71,5,0,False,8829.785714285714
1,2,2,1,71,6,0,False,3572.0119047619046
1,2,2,1,72,1,0,False,17133.4375
1,2,2,1,72,2,0,False,28989.60714285714
1,2,2,1,72,3,0,False,1480.2738095238096
1,2,2,1,72,5,0,False,8858.630952380952
1,2,2,1,72,6,0,False,3444.3928571428573
1,2,2,1,73,1,0,False,19513.375
1,2,2,1,73,2,0,False,34327.72619047619
1,2,2,1,73,3,0,False,1297.5119047619048
1,2,2,1,73,5,0,False,8621.404761904761
1,2,2,1,73,6,0,False,3830.3690476190477
1,2,2,1,74,1,0,False,19059.166666666668
1,2,2,1,74,2,0,False,32804.53571428572
1,2,2,1,74,3,0,False,1477.0595238095239
1,2,2,1,74,5,0,False,8958.75
1,2,2,1,74,6,0,False,3734.5833333333335
1,2,2,1,75,1,0,False,21215.104166666668
1,2,2,1,75,2,0,False,37388.52380952381
1,2,2,1,75,3,0,False,1361.7261904761904
1,2,2,1,75,5,0,False,8815.285714285714
1,2,2,1,75,6,0,False,4192.309523809524
1,2,2,1,76,1,0,False,15996.916666666666
1,2,2,1,76,2,0,False,25032.928571428572
1,2,2,1,76,3,0,False,1499.8095238095239
1,2,2,1,76,5,0,False,8864.92857142857
1,2,2,1,76,6,0,False,3090.2261904761904
1,2,2,1,77,1,0,False,17889.270833333332
1,2,2,1,77,2,0,False,29347.095238095237
1,2,2,1,77,3,0,False,1305.9761904761904
1,2,2,1,77,5,0,False,8737.761904761905
1,2,2,1,77,6,0,False,3362.1309523809523
1,2,2,1,78,1,0,False,17562.354166666668
1,2,2,1,78,2,0,False,28582.166666666668
1,2,2,1,78,3,0,False,1496.654761904762
1,2,2,1,78,5,0,False,8956.547619047618
1,2,2,1,78,6,0,False,3317.3333333333335
1,2,2,1,79,1,0,False,19533.479166666668
1,2,2,1,79,2,0,False,33535.94047619047
1,2,2,1,79,3,0,False,1428.654761904762
1,2,2,1,79,5,0,False,8872.52380952381
1,2,2,1,79,6,0,False,3786.9166666666665
1,2,2,1,80,1,0,False,16578.666666666668
1,2,2,1,80,2,0,True,6498.678571428572
1,2,2,1,80,2,1,True,6873.357142857143
1,2,2,1,80,2,2,False,33036.51190476191
1,2,2,1,80,2,3,False,34739.78571428572
1,2,2,1,80,2,4,False,30918.011904761905
1,2,2,1,80,3,0,True,115.52380952380952
1,2,2,1,80,3,1,True,113.11904761904762
1,2,2,1,80,3,2,False,1410.6904761904761
1,2,2,1,80,3,3,False,1344.845238095238
1,2,2,1,80,3,4,False,1517.904761904762
1,2,2,1,80,5,0,False,8803.607142857143
1,2,2,1,80,6,0,True,820.8214285714286
1,2,2,1,80,6,1,True,869.3690476190476
1,2,2,1,80,6,2,False,3766.5714285714284
1,2,2,1,80,6,3,False,3902.8809523809523
1,2,2,1,80,6,4,False,3522.535714285714
1,2,2,1,81,1,0,False,18419.5625
1,2,2,1,81,5,0,False,8581.642857142857
1,2,2,1,82,1,0,False,18776.541666666668
1,2,2,1,82,5,0,False,8835.535714285714
1,2,2,1,83,1,0,False,20564.229166666668
1,2,2,1,83,5,0,False,8636.142857142857
1,2,2,1,84,1,0,False,15453.645833333334
1,2,2,1,84,5,0,False,8829.809523809523
1,2,2,1,85,1,0,False,16927.208333333332
1,2,2,1,85,5,0,False,8580.047619047618
1,2,2,1,86,1,0,False,17082.958333333332
1,2,2,1,86,5,0,False,8876.035714285714
1,2,2,1,87,1,0,False,19013.916666666668
1,2,2,1,87,5,0,False,8657.702380952382
1,2,2,1,88,1,0,False,17723.729166666668
1,2,2,1,88,5,0,False,8813.011904761905
1,2,2,1,89,1,0,False,19083.833333333332
1,2,2,1,89,5,0,False,8585.392857142857
1,2,2,1,90,1,0,True,309.6666666666667
1,2,2,1,90,1,1,True,8595.3125
1,2,2,1,90,1,2,True,320.9791666666667
1,2,2,1,90,1,3,False,22622.479166666668
1,2,2,1,90,1,4,False,20320.8125
1,2,2,1,90,5,0,True,85.05952380952381
1,2,2,1,90,5,1,True,1434.702380952381
1,2,2,1,90,5,2,False,10322.02380952381
1,2,2,1,90,5,3,False,9352.27380952381
1,2,2,1,90,5,4,True,84.33333333333333
1,3,2,0,59,1,0,False,15616.472222222223
1,3,2,0,59,2,0,False,35540.36111111111
1,3,2,0,59,4,0,False,955.5833333333334
1,3,2,0,59,6,0,False,1669.5277777777778
1,3,2,0,60,1,0,False,11175.388888888889
1,3,2,0,60,2,0,False,24691.583333333332
1,3,2,0,60,4,0,False,865.4166666666666
1,3,2,0,60,6,0,False,1151.4444444444443
1,3,2,0,61,1,0,False,12617.861111111111
1,3,2,0,61,2,0,False,28355.416666666668
1,3,2,0,61,4,0,False,942.8333333333334
1,3,2,0,61,6,0,False,1202.3055555555557
1,3,2,0,62,1,0,False,12199.222222222223
1,3,2,0,62,2,0,False,27208.777777777777
1,3,2,0,62,4,0,False,895.3541666666666
1,3,2,0,62,6,0,False,1187.0
1,3,2,0,63,1,0,False,13551.111111111111
1,3,2,0,63,2,0,False,29315.25
1,3,2,0,63,4,0,False,937.2083333333334
1,3,2,0,63,6,0,False,1189.9722222222222
1,3,2,0,64,1,0,False,9836.805555555555
1,3,2,0,64,2,0,False,22089.0
1,3,2,0,64,4,0,False,732.2708333333334
1,3,2,0,64,6,0,False,1128.8333333333333
1,3,2,0,65,1,0,False,11583.444444444445
1,3,2,0,65,2,0,False,26265.805555555555
1,3,2,0,65,4,0,False,782.1458333333334
1,3,2,0,65,6,0,False,1176.361111111111
1,3,2,0,66,1,0,False,11422.277777777777
1,3,2,0,66,2,0,False,25321.305555555555
1,3,2,0,66,4,0,False,783.1875
1,3,2,0,66,6,0,False,1220.3055555555557
1,3,2,0,67,1,0,False,13531.25
1,3,2,0,67,2,0,False,29873.527777777777
1,3,2,0,67,4,0,False,833.9583333333334
1,3,2,0,67,6,0,False,1416.888888888889
1,3,2,0,68,1,0,False,9286.666666666666
1,3,2,0,68,2,0,False,19076.694444444445
1,3,2,0,68,4,0,False,728.1875
1,3,2,0,68,6,0,False,1046.1944444444443
1,3,2,0,69,1,0,False,11055.888888888889
1,3,2,0,69,2,0,False,22697.61111111111
1,3,2,0,69,3,0,False,443.25
1,3,2,0,69,4,0,False,802.3333333333334
1,3,2,0,69,6,0,False,1052.611111111111
1,3,2,0,70,1,0,False,10450.527777777777
1,3,2,0,70,2,0,False,21929.416666666668
1,3,2,0,70,3,0,False,465.97222222222223
1,3,2,0,70,4,0,True,395.9166666666667
1,3,2,0,70,4,1,False,880.0208333333334
1,3,2,0,70,4,2,True,441.625
1,3,2,0,70,4,3,False,878.125
1,3,2,0,70,6,0,False,1110.5833333333333
1,3,2,0,71,1,0,False,12458.0
1,3,2,0,71,2,0,False,25939.36111111111
1,3,2,0,71,3,0,False,428.27777777777777
1,3,2,0,71,6,0,False,1260.638888888889
1,3,2,0,72,1,0,False,11022.75
1,3,2,0,72,2,0,False,24071.833333333332
1,3,2,0,72,3,0,False,469.25
1,3,2,0,72,6,0,False,1221.0555555555557
1,3,2,0,73,1,0,False,13506.583333333334
1,3,2,0,73,2,0,False,28894.083333333332
1,3,2,0,73,3,0,False,426.3888888888889
1,3,2,0,73,6,0,False,1336.75
1,3,2,0,74,1,0,False,12918.138888888889
1,3,2,0,74,2,0,False,27155.75
1,3,2,0,74,3,0,False,459.4166666666667
1,3,2,0,74,6,0,False,1288.138888888889
1,3,2,0,75,1,0,False,15422.694444444445
1,3,2,0,75,2,0,False,31665.027777777777
1,3,2,0,75,3,0,False,430.6388888888889
1,3,2,0,75,6,0,False,1523.638888888889
1,3,2,0,76,1,0,False,10253.805555555555
1,3,2,0,76,2,0,False,20351.916666666668
1,3,2,0,76,3,0,False,453.6666666666667
1,3,2,0,76,6,0,False,1087.5833333333333
1,3,2,0,77,1,0,False,12401.027777777777
1,3,2,0,77,2,0,False,24788.555555555555
1,3,2,0,77,3,0,False,430.8333333333333
1,3,2,0,77,6,0,False,1179.3333333333333
1,3,2,0,78,1,0,False,11979.583333333334
1,3,2,0,78,2,0,False,23830.25
1,3,2,0,78,3,0,False,472.0
1,3,2,0,78,6,0,False,1148.388888888889
1,3,2,0,79,1,0,False,14080.805555555555
1,3,2,0,79,2,0,False,28434.25
1,3,2,0,79,3,0,False,429.1111111111111
1,3,2,0,79,6,0,False,1353.361111111111
1,3,2,0,80,1,0,False,10660.166666666666
1,3,2,0,80,2,0,True,5495.166666666667
1,3,2,0,80,2,1,True,5947.333333333333
1,3,2,0,80,2,2,False,27606.88888888889
1,3,2,0,80,2,3,False,29080.36111111111
1,3,2,0,80,3,0,True,95.83333333333333
1,3,2,0,80,3,1,True,88.30555555555556
1,3,2,0,80,3,2,False,477.0
1,3,2,0,80,3,3,False,458.52777777777777
1,3,2,0,80,6,0,True,318.22222222222223
1,3,2,0,80,6,1,True,330.0833333333333
1,3,2,0,80,6,2,False,1344.4444444444443
1,3,2,0,80,6,3,False,1410.4166666666667
1,3,2,0,81,1,0,False,13030.055555555555
1,3,2,0,82,1,0,False,12591.722222222223
1,3,2,0,83,1,0,False,14871.666666666666
1,3,2,0,84,1,0,False,9822.138888888889
1,3,2,0,85,1,0,False,11790.111111111111
1,3,2,0,86,1,0,False,11445.416666666666
1,3,2,0,87,1,0,False,13361.444444444445
1,3,2,0,88,1,0,False,11642.361111111111
1,3,2,0,89,1,0,False,13410.5
1,3,2,0,90,1,0,True,249.41666666666666
1,3,2,0,90,1,1,True,5746.388888888889
1,3,2,0,90,1,2,True,262.4166666666667
1,3,2,0,90,1,3,False,15422.555555555555
1,3,2,1,59,1,0,False,22241.489583333332
1,3,2,1,59,2,0,False,43504.25
1,3,2,1,59,4,0,False,1271.925
1,3,2,1,59,6,0,False,3848.6354166666665
1,3,2,1,60,1,0,False,17555.989583333332
1,3,2,1,60,2,0,False,30808.260416666668
1,3,2,1,60,4,0,False,1229.1333333333334
1,3,2,1,60,6,0,False,2850.375
1,3,2,1,61,1,0,False,18410.927083333332
1,3,2,1,61,2,0,False,34018.71875
1,3,2,1,61,4,0,False,1251.65
1,3,2,1,61,6,0,False,2844.2604166666665
1,3,2,1,62,1,0,False,18422.458333333332
1,3,2,1,62,2,0,False,33321.9375
1,3,2,1,62,4,0,False,1250.8833333333334
1,3,2,1,62,6,0,False,2946.09375
1,3,2,1,63,1,0,False,19091.489583333332
1,3,2,1,63,2,0,False,34839.083333333336
1,3,2,1,63,4,0,False,1261.8083333333334
1,3,2,1,63,6,0,False,2846.8020833333335
1,3,2,1,64,1,0,False,15925.645833333334
1,3,2,1,64,2,0,False,29289.052083333332
1,3,2,1,64,4,0,False,1092.0083333333334
1,3,2,1,64,6,0,False,2796.1145833333335
1,3,2,1,65,1,0,False,17885.104166666668
1,3,2,1,65,2,0,False,33805.53125
1,3,2,1,65,4,0,False,1133.7166666666667
1,3,2,1,65,6,0,False,2996.3854166666665
1,3,2,1,66,1,0,False,17973.489583333332
1,3,2,1,66,2,0,False,33244.0625
1,3,2,1,66,4,0,False,1127.1833333333334
1,3,2,1,66,6,0,False,3051.9270833333335
1,3,2,1,67,1,0,False,19897.854166666668
1,3,2,1,67,2,0,False,38404.65625
1,3,2,1,67,4,0,False,1185.3666666666666
1,3,2,1,67,6,0,False,3455.4270833333335
1,3,2,1,68,1,0,False,15442.385416666666
1,3,2,1,68,2,0,False,25661.40625
1,3,2,1,68,4,0,False,1088.0083333333334
1,3,2,1,68,6,0,False,2576.0416666666665
1,3,2,1,69,1,0,False,16789.885416666668
1,3,2,1,69,2,0,False,29482.25
1,3,2,1,69,3,0,False,1637.90625
1,3,2,1,69,4,0,False,1140.5666666666666
1,3,2,1,69,5,0,False,8347.3125
1,3,2,1,69,6,0,False,2660.5729166666665
1,3,2,1,70,1,0,False,16715.854166666668
1,3,2,1,70,2,0,False,28977.28125
1,3,2,1,70,3,0,False,1639.6666666666667
1,3,2,1,70,4,0,True,522.1333333333333
1,3,2,1,70,4,1,False,1214.0916666666667
1,3,2,1,70,4,2,True,569.0583333333333
1,3,2,1,70,4,3,False,1231.8416666666667
1,3,2,1,70,4,4,False,1222.7416666666666
1,3,2,1,70,5,0,False,8528.96875
1,3,2,1,70,6,0,False,2689.3125
1,3,2,1,71,1,0,False,18425.864583333332
1,3,2,1,71,2,0,False,33755.635416666664
1,3,2,1,71,3,0,False,1593.34375
1,3,2,1,71,5,0,False,8466.041666666666
1,3,2,1,71,6,0,False,3058.8125
1,3,2,1,72,1,0,False,17625.03125
1,3,2,1,72,2,0,False,31622.760416666668
1,3,2,1,72,3,0,False,1576.1458333333333
1,3,2,1,72,5,0,False,8473.489583333334
1,3,2,1,72,6,0,False,2930.7083333333335
1,3,2,1,73,1,0,False,20074.770833333332
1,3,2,1,73,2,0,False,37136.010416666664
1,3,2,1,73,3,0,False,1386.875
1,3,2,1,73,5,0,False,8337.5625
1,3,2,1,73,6,0,False,3309.4791666666665
1,3,2,1,74,1,0,False,19798.0
1,3,2,1,74,2,0,False,35315.354166666664
1,3,2,1,74,3,0,False,1593.3333333333333
1,3,2,1,74,5,0,False,8546.197916666666
1,3,2,1,74,6,0,False,3221.3541666666665
1,3,2,1,75,1,0,False,21968.916666666668
1,3,2,1,75,2,0,False,40599.90625
1,3,2,1,75,3,0,False,1457.7291666666667
1,3,2,1,75,5,0,False,8369.583333333334
1,3,2,1,75,6,0,False,3624.7291666666665
1,3,2,1,76,1,0,False,16303.520833333334
1,3,2,1,76,2,0,False,27220.166666666668
1,3,2,1,76,3,0,False,1642.2291666666667
1,3,2,1,76,5,0,False,8486.65625
1,3,2,1,76,6,0,False,2641.8645833333335
1,3,2,1,77,1,0,False,18302.125
1,3,2,1,77,2,0,False,32210.0625
1,3,2,1,77,3,0,False,1381.3333333333333
1,3,2,1,77,5,0,False,8339.510416666666
1,3,2,1,77,6,0,False,2900.5833333333335
1,3,2,1,78,1,0,False,18168.90625
1,3,2,1,78,2,0,False,31247.833333333332
1,3,2,1,78,3,0,False,1617.1979166666667
1,3,2,1,78,5,0,False,8533.53125
1,3,2,1,78,6,0,False,2862.46875
1,3,2,1,79,1,0,False,20222.645833333332
1,3,2,1,79,2,0,False,36771.885416666664
1,3,2,1,79,3,0,False,1547.4791666666667
1,3,2,1,79,5,0,False,8481.3125
1,3,2,1,79,6,0,False,3270.6666666666665
1,3,2,1,80,1,0,False,17158.770833333332
1,3,2,1,80,2,0,True,7088.239583333333
1,3,2,1,80,2,1,True,7486.739583333333
1,3,2,1,80,2,2,False,35904.197916666664
1,3,2,1,80,2,3,False,37800.479166666664
1,3,2,1,80,2,4,False,33720.28125
1,3,2,1,80,3,0,True,118.29166666666667
1,3,2,1,80,3,1,True,117.39583333333333
1,3,2,1,80,3,2,False,1543.1875
1,3,2,1,80,3,3,False,1483.9166666666667
1,3,2,1,80,3,4,False,1648.6666666666667
1,3,2,1,80,5,0,False,8388.552083333334
1,3,2,1,80,6,0,True,710.6354166666666
1,3,2,1,80,6,1,True,746.4895833333334
1,3,2,1,80,6,2,False,3254.0
1,3,2,1,80,6,3,False,3327.46875
1,3,2,1,80,6,4,False,3026.7916666666665
1,3,2,1,81,1,0,False,19181.895833333332
1,3,2,1,81,5,0,False,8155.479166666667
1,3,2,1,82,1,0,False,19397.166666666668
1,3,2,1,82,5,0,False,8396.270833333334
1,3,2,1,83,1,0,False,21139.03125
1,3,2,1,83,5,0,False,8272.552083333334
1,3,2,1,84,1,0,False,16014.875
1,3,2,1,84,5,0,False,8400.104166666666
1,3,2,1,85,1,0,False,17491.75
1,3,2,1,85,5,0,False,8175.760416666667
1,3,2,1,86,1,0,False,17693.197916666668
1,3,2,1,86,5,0,False,8440.375
1,3,2,1,87,1,0,False,19670.239583333332
1,3,2,1,87,5,0,False,8238.229166666666
1,3,2,1,88,1,0,False,18298.104166666668
1,3,2,1,88,5,0,False,8391.197916666666
1,3,2,1,89,1,0,False,19702.947916666668
1,3,2,1,89,5,0,False,8222.3125
1,3,2,1,90,1,0,True,317.875
1,3,2,1,90,1,1,True,8812.604166666666
1,3,2,1,90,1,2,True,328.5208333333333
1,3,2,1,90,1,3,False,23376.260416666668
1,3,2,1,90,1,4,False,20750.822916666668
1,3,2,1,90,5,0,True,87.32291666666667
1,3,2,1,90,5,1,True,1393.2916666666667
1,3,2,1,90,5,2,False,9928.385416666666
1,3,2,1,90,5,3,False,8954.65625
1,3,2,1,90,5,4,True,84.39583333333333
2,1,2,0,59,2,0,False,35755.0
2,1,2,0,59,6,0,False,1673.5
2,1,2,0,60,2,0,False,24781.75
2,1,2,0,60,6,0,False,1158.8333333333333
2,1,2,0,61,2,0,False,28482.166666666668
2,1,2,0,61,6,0,False,1181.75
2,1,2,0,62,2,0,False,26956.833333333332
2,1,2,0,62,6,0,False,1173.3333333333333
2,1,2,0,63,2,0,False,29323.0
2,1,2,0,63,6,0,False,1227.1666666666667
2,1,2,0,64,2,0,False,22294.833333333332
2,1,2,0,64,6,0,False,1133.5833333333333
2,1,2,0,65,2,0,False,26628.666666666668
2,1,2,0,65,6,0,False,1208.8333333333333
2,1,2,0,66,2,0,False,25153.0
2,1,2,0,66,6,0,False,1270.4166666666667
2,1,2,0,67,2,0,False,29889.916666666668
2,1,2,0,67,6,0,False,1438.1666666666667
2,1,2,0,68,2,0,False,19152.25
2,1,2,0,68,6,0,False,1062.75
2,1,2,0,69,2,0,False,22427.666666666668
2,1,2,0,69,3,0,False,486.9166666666667
2,1,2,0,69,6,0,False,1097.1666666666667
2,1,2,0,70,2,0,False,21676.833333333332
2,1,2,0,70,3,0,False,460.5833333333333
2,1,2,0,70,6,0,False,1090.5
2,1,2,0,71,2,0,False,25634.416666666668
2,1,2,0,71,3,0,False,420.0833333333333
2,1,2,0,71,6,0,False,1257.6666666666667
2,1,2,0,72,2,0,False,23956.5
2,1,2,0,72,3,0,False,459.9166666666667
2,1,2,0,72,6,0,False,1200.25
2,1,2,0,73,2,0,False,29160.333333333332
2,1,2,0,73,3,0,False,411.0833333333333
2,1,2,0,73,6,0,False,1366.75
2,1,2,0,74,2,0,False,27455.916666666668
2,1,2,0,74,3,0,False,436.4166666666667
2,1,2,0,74,6,0,False,1341.25
2,1,2,0,75,2,0,False,32026.666666666668
2,1,2,0,75,3,0,False,414.4166666666667
2,1,2,0,75,6,0,False,1554.4166666666667
2,1,2,0,76,2,0,False,20526.75
2,1,2,0,76,3,0,False,430.25
2,1,2,0,76,6,0,False,1098.25
2,1,2,0,77,2,0,False,25060.833333333332
2,1,2,0,77,3,0,False,407.1666666666667
2,1,2,0,77,6,0,False,1192.9166666666667
2,1,2,0,78,2,0,False,23851.333333333332
2,1,2,0,78,3,0,False,448.0833333333333
2,1,2,0,78,6,0,False,1167.1666666666667
2,1,2,0,79,2,0,False,28519.583333333332
2,1,2,0,79,3,0,False,413.0
2,1,2,0,79,6,0,False,1378.5833333333333
2,1,2,0,80,2,0,True,5475.0
2,1,2,0,80,2,1,True,5869.5
2,1,2,0,80,2,2,False,27715.25
2,1,2,0,80,2,3,False,29122.75
2,1,2,0,80,3,0,True,91.25
2,1,2,0,80,3,1,True,82.41666666666667
2,1,2,0,80,3,2,False,447.9166666666667
2,1,2,0,80,3,3,False,451.4166666666667
2,1,2,0,80,6,0,True,325.75
2,1,2,0,80,6,1,True,331.5
2,1,2,0,80,6,2,False,1340.8333333333333
2,1,2,0,80,6,3,False,1409.4166666666667
2,1,2,1,59,2,0,False,42828.416666666664
2,1,2,1,59,6,0,False,4314.666666666667
2,1,2,1,60,2,0,False,30182.083333333332
2,1,2,1,60,6,0,False,3177.8333333333335
2,1,2,1,61,2,0,False,33404.083333333336
2,1,2,1,61,6,0,False,3254.8333333333335
2,1,2,1,62,2,0,False,32211.583333333332
2,1,2,1,62,6,0,False,3325.75
2,1,2,1,63,2,0,False,33379.666666666664
2,1,2,1,63,6,0,False,3197.8333333333335
2,1,2,1,64,2,0,False,28715.416666666668
2,1,2,1,64,6,0,False,3165.6666666666665
2,1,2,1,65,2,0,False,32717.75
2,1,2,1,65,6,0,False,3429.5833333333335
2,1,2,1,66,2,0,False,32885.333333333336
2,1,2,1,66,6,0,False,3583.0833333333335
2,1,2,1,67,2,0,False,37601.083333333336
2,1,2,1,67,6,0,False,3890.75
2,1,2,1,68,2,0,False,25074.0
2,1,2,1,68,6,0,False,2857.8333333333335
2,1,2,1,69,2,0,False,28568.416666666668
2,1,2,1,69,3,0,False,1621.9166666666667
2,1,2,1,69,5,0,False,8394.083333333334
2,1,2,1,69,6,0,False,2958.25
2,1,2,1,70,2,0,False,28439.833333333332
2,1,2,1,70,3,0,False,1565.9166666666667
2,1,2,1,70,5,0,False,8681.333333333334
2,1,2,1,70,6,0,False,3067.0833333333335
2,1,2,1,71,2,0,False,33140.583333333336
2,1,2,1,71,3,0,False,1531.0833333333333
2,1,2,1,71,5,0,False,8412.416666666666
2,1,2,1,71,6,0,False,3482.0
2,1,2,1,72,2,0,False,30985.583333333332
2,1,2,1,72,3,0,False,1497.9166666666667
2,1,2,1,72,5,0,False,8523.083333333334
2,1,2,1,72,6,0,False,3339.5833333333335
2,1,2,1,73,2,0,False,35913.583333333336
2,1,2,1,73,3,0,False,1333.9166666666667
2,1,2,1,73,5,0,False,8370.75
2,1,2,1,73,6,0,False,3627.1666666666665
2,1,2,1,74,2,0,False,34507.416666666664
2,1,2,1,74,3,0,False,1544.6666666666667
2,1,2,1,74,5,0,False,8782.083333333334
2,1,2,1,74,6,0,False,3690.3333333333335
2,1,2,1,75,2,0,False,39183.25
2,1,2,1,75,3,0,False,1412.1666666666667
2,1,2,1,75,5,0,False,8354.75
2,1,2,1,75,6,0,False,4084.5833333333335
2,1,2,1,76,2,0,False,26510.583333333332
2,1,2,1,76,3,0,False,1571.5
2,1,2,1,76,5,0,False,8483.75
2,1,2,1,76,6,0,False,2987.5
2,1,2,1,77,2,0,False,31579.166666666668
2,1,2,1,77,3,0,False,1305.5
2,1,2,1,77,5,0,False,8498.583333333334
2,1,2,1,77,6,0,False,3395.5
2,1,2,1,78,2,0,False,30459.666666666668
2,1,2,1,78,3,0,False,1524.8333333333333
2,1,2,1,78,5,0,False,8561.083333333334
2,1,2,1,78,6,0,False,3289.0
2,1,2,1,79,2,0,False,36146.666666666664
2,1,2,1,79,3,0,False,1464.5
2,1,2,1,79,5,0,False,8499.166666666666
2,1,2,1,79,6,0,False,3667.6666666666665
2,1,2,1,80,2,0,True,7014.583333333333
2,1,2,1,80,2,1,True,7174.25
2,1,2,1,80,2,2,False,34963.333333333336
2,1,2,1,80,2,3,False,36701.416666666664
2,1,2,1,80,2,4,False,33539.25
2,1,2,1,80,3,0,True,113.0
2,1,2,1,80,3,1,True,117.58333333333333
2,1,2,1,80,3,2,False,1460.6666666666667
2,1,2,1,80,3,3,False,1456.1666666666667
2,1,2,1,80,3,4,False,1558.9166666666667
2,1,2,1,80,5,0,False,8380.25
2,1,2,1,80,6,0,True,788.5
2,1,2,1,80,6,1,True,812.5833333333334
2,1,2,1,80,6,2,False,3810.0833333333335
2,1,2,1,80,6,3,False,3711.5833333333335
2,1,2,1,80,6,4,False,3471.0833333333335
2,1,2,1,81,5,0,False,8214.25
2,1,2,1,82,5,0,False,8497.666666666666
2,1,2,1,83,5,0,False,8228.916666666666
2,1,2,1,84,5,0,False,8498.666666666666
2,1,2,1,85,5,0,False,8122.416666666667
2,1,2,1,86,5,0,False,8572.583333333334
2,1,2,1,87,5,0,False,8308.0
2,1,2,1,88,5,0,False,8415.583333333334
2,1,2,1,89,5,0,False,8359.083333333334
2,1,2,1,90,5,0,True,80.0
2,1,2,1,90,5,1,True,1391.75
2,1,2,1,90,5,2,False,10032.333333333334
2,1,2,1,90,5,3,False,9084.666666666666
2,1,2,1,90,5,4,True,79.58333333333333
2,2,2,0,59,1,0,False,14748.166666666666
2,2,2,0,59,2,0,False,33163.833333333336
2,2,2,0,59,4,0,False,922.0
2,2,2,0,59,6,0,False,1540.2916666666667
2,2,2,0,60,1,0,False,10433.75
2,2,2,0,60,2,0,False,23042.416666666668
2,2,2,0,60,4,0,False,811.0833333333334
2,2,2,0,60,6,0,False,1051.9166666666667
2,2,2,0,61,1,0,False,11982.0
2,2,2,0,61,2,0,False,26609.291666666668
2,2,2,0,61,4,0,False,875.6666666666666
2,2,2,0,61,6,0,False,1100.0833333333333
2,2,2,0,62,1,0,False,11697.75
2,2,2,0,62,2,0,False,25565.75
2,2,2,0,62,4,0,False,836.9166666666666
2,2,2,0,62,6,0,False,1090.5416666666667
2,2,2,0,63,1,0,False,12834.083333333334
2,2,2,0,63,2,0,False,27743.0
2,2,2,0,63,4,0,False,888.9166666666666
2,2,2,0,63,6,0,False,1104.9583333333333
2,2,2,0,64,1,0,False,9322.083333333334
2,2,2,0,64,2,0,False,20705.666666666668
2,2,2,0,64,4,0,False,666.0
2,2,2,0,64,6,0,False,1060.75
2,2,2,0,65,1,0,False,11026.916666666666
2,2,2,0,65,2,0,False,24777.458333333332
2,2,2,0,65,4,0,False,757.4166666666666
2,2,2,0,65,6,0,False,1110.375
2,2,2,0,66,1,0,False,10886.5
2,2,2,0,66,2,0,False,23904.125
2,2,2,0,66,4,0,False,726.5833333333334
2,2,2,0,66,6,0,False,1149.8333333333333
2,2,2,0,67,1,0,False,12782.75
2,2,2,0,67,2,0,False,28080.0
2,2,2,0,67,4,0,False,820.4166666666666
2,2,2,0,67,6,0,False,1332.7083333333333
2,2,2,0,68,1,0,False,8944.5
2,2,2,0,68,2,0,False,18005.583333333332
2,2,2,0,68,4,0,False,681.25
2,2,2,0,68,6,0,False,938.875
2,2,2,0,69,1,0,False,10370.5
2,2,2,0,69,2,0,False,21278.333333333332
2,2,2,0,69,3,0,False,405.7083333333333
2,2,2,0,69,4,0,False,766.0833333333334
2,2,2,0,69,6,0,False,981.9166666666666
2,2,2,0,70,1,0,False,9982.583333333334
2,2,2,0,70,2,0,False,20737.041666666668
2,2,2,0,70,3,0,False,436.125
2,2,2,0,70,4,0,True,376.25
2,2,2,0,70,4,1,False,809.0833333333334
2,2,2,0,70,4,2,True,425.3333333333333
2,2,2,0,70,4,3,False,833.25
2,2,2,0,70,6,0,False,1035.4583333333333
2,2,2,0,71,1,0,False,11735.5
2,2,2,0,71,2,0,False,24188.041666666668
2,2,2,0,71,3,0,False,415.2083333333333
2,2,2,0,71,6,0,False,1168.0416666666667
2,2,2,0,72,1,0,False,10504.333333333334
2,2,2,0,72,2,0,False,22835.333333333332
2,2,2,0,72,3,0,False,419.375
2,2,2,0,72,6,0,False,1103.75
2,2,2,0,73,1,0,False,12757.416666666666
2,2,2,0,73,2,0,False,27327.041666666668
2,2,2,0,73,3,0,False,379.4166666666667
2,2,2,0,73,6,0,False,1257.125
2,2,2,0,74,1,0,False,12222.25
2,2,2,0,74,2,0,False,25621.875
2,2,2,0,74,3,0,False,427.875
2,2,2,0,74,6,0,False,1195.1666666666667
2,2,2,0,75,1,0,False,14429.25
2,2,2,0,75,2,0,False,29918.333333333332
2,2,2,0,75,3,0,False,391.2916666666667
2,2,2,0,75,6,0,False,1431.375
2,2,2,0,76,1,0,False,9703.75
2,2,2,0,76,2,0,False,19022.833333333332
2,2,2,0,76,3,0,False,431.7083333333333
2,2,2,0,76,6,0,False,1012.7916666666666
2,2,2,0,77,1,0,False,11617.25
2,2,2,0,77,2,0,False,23229.0
2,2,2,0,77,3,0,False,391.8333333333333
2,2,2,0,77,6,0,False,1109.5
2,2,2,0,78,1,0,False,11085.583333333334
2,2,2,0,78,2,0,False,22187.958333333332
2,2,2,0,78,3,0,False,424.875
2,2,2,0,78,6,0,False,1056.2083333333333
2,2,2,0,79,1,0,False,13463.083333333334
2,2,2,0,79,2,0,False,26623.916666666668
2,2,2,0,79,3,0,False,396.75
2,2,2,0,79,6,0,False,1240.9166666666667
2,2,2,0,80,1,0,False,10028.0
2,2,2,0,80,2,0,True,5081.083333333333
2,2,2,0,80,2,1,True,5542.708333333333
2,2,2,0,80,2,2,False,26016.583333333332
2,2,2,0,80,2,3,False,27359.416666666668
2,2,2,0,80,3,0,True,87.70833333333333
2,2,2,0,80,3,1,True,89.66666666666667
2,2,2,0,80,3,2,False,426.7916666666667
2,2,2,0,80,3,3,False,423.375
2,2,2,0,80,6,0,True,303.5416666666667
2,2,2,0,80,6,1,True,309.7916666666667
2,2,2,0,80,6,2,False,1233.7083333333333
2,2,2,0,80,6,3,False,1262.25
2,2,2,0,81,1,0,False,12340.75
2,2,2,0,82,1,0,False,12061.583333333334
2,2,2,0,83,1,0,False,13873.0
2,2,2,0,84,1,0,False,9268.416666666666
2,2,2,0,85,1,0,False,11154.0
2,2,2,0,86,1,0,False,10856.75
2,2,2,0,87,1,0,False,12635.25
2,2,2,0,88,1,0,False,11153.583333333334
2,2,2,0,89,1,0,False,12801.333333333334
2,2,2,0,90,1,0,True,230.83333333333334
2,2,2,0,90,1,1,True,5558.583333333333
2,2,2,0,90,1,2,True,243.66666666666666
2,2,2,0,90,1,3,False,14637.833333333334
2,2,2,1,59,1,0,False,22291.5
2,2,2,1,59,2,0,False,44130.520833333336
2,2,2,1,59,4,0,False,1197.2083333333333
2,2,2,1,59,6,0,False,3525.9791666666665
2,2,2,1,60,1,0,False,17613.75
2,2,2,1,60,2,0,False,31169.3125
2,2,2,1,60,4,0,False,1132.5833333333333
2,2,2,1,60,6,0,False,2588.6041666666665
2,2,2,1,61,1,0,False,18322.208333333332
2,2,2,1,61,2,0,False,34348.791666666664
2,2,2,1,61,4,0,False,1173.0833333333333
2,2,2,1,61,6,0,False,2594.5625
2,2,2,1,62,1,0,False,18136.958333333332
2,2,2,1,62,2,0,False,33680.854166666664
2,2,2,1,62,4,0,False,1216.375
2,2,2,1,62,6,0,False,2680.625
2,2,2,1,63,1,0,False,18951.666666666668
2,2,2,1,63,2,0,False,35216.104166666664
2,2,2,1,63,4,0,False,1187.9166666666667
2,2,2,1,63,6,0,False,2597.1875
2,2,2,1,64,1,0,False,15883.333333333334
2,2,2,1,64,2,0,False,29650.395833333332
2,2,2,1,64,4,0,False,1022.7083333333334
2,2,2,1,64,6,0,False,2532.5625
2,2,2,1,65,1,0,False,17781.958333333332
2,2,2,1,65,2,0,False,34141.375
2,2,2,1,65,4,0,False,1085.9166666666667
2,2,2,1,65,6,0,False,2731.25
2,2,2,1,66,1,0,False,17875.791666666668
2,2,2,1,66,2,0,False,33591.520833333336
2,2,2,1,66,4,0,False,1085.4166666666667
2,2,2,1,66,6,0,False,2796.0625
2,2,2,1,67,1,0,False,19775.458333333332
2,2,2,1,67,2,0,False,38630.145833333336
2,2,2,1,67,4,0,False,1133.1666666666667
2,2,2,1,67,6,0,False,3128.375
2,2,2,1,68,1,0,False,15346.416666666666
2,2,2,1,68,2,0,False,25870.541666666668
2,2,2,1,68,4,0,False,1033.5
2,2,2,1,68,6,0,False,2300.7083333333335
2,2,2,1,69,1,0,False,16949.708333333332
2,2,2,1,69,2,0,False,29665.395833333332
2,2,2,1,69,3,0,False,1764.4166666666667
2,2,2,1,69,4,0,False,1096.9583333333333
2,2,2,1,69,5,0,False,7337.4375
2,2,2,1,69,6,0,False,2414.1875
2,2,2,1,70,1,0,False,16981.875
2,2,2,1,70,2,0,False,29255.020833333332
2,2,2,1,70,3,0,False,1713.6666666666667
2,2,2,1,70,4,0,True,485.3333333333333
2,2,2,1,70,4,1,False,1176.7083333333333
2,2,2,1,70,4,2,True,534.2916666666666
2,2,2,1,70,4,3,False,1168.6666666666667
2,2,2,1,70,4,4,False,1150.5833333333333
2,2,2,1,70,5,0,False,7495.791666666667
2,2,2,1,70,6,0,False,2435.1041666666665
2,2,2,1,71,1,0,False,18651.791666666668
2,2,2,1,71,2,0,False,33973.8125
2,2,2,1,71,3,0,False,1641.4166666666667
2,2,2,1,71,5,0,False,7383.666666666667
2,2,2,1,71,6,0,False,2783.3958333333335
2,2,2,1,72,1,0,False,17699.541666666668
2,2,2,1,72,2,0,False,31886.770833333332
2,2,2,1,72,3,0,False,1622.4166666666667
2,2,2,1,72,5,0,False,7410.229166666667
2,2,2,1,72,6,0,False,2704.5833333333335
2,2,2,1,73,1,0,False,19987.166666666668
2,2,2,1,73,2,0,False,37423.291666666664
2,2,2,1,73,3,0,False,1421.5
2,2,2,1,73,5,0,False,7266.520833333333
2,2,2,1,73,6,0,False,3036.7291666666665
2,2,2,1,74,1,0,False,19541.833333333332
2,2,2,1,74,2,0,False,35631.75
2,2,2,1,74,3,0,False,1626.1458333333333
2,2,2,1,74,5,0,False,7416.75
2,2,2,1,74,6,0,False,2920.2291666666665
2,2,2,1,75,1,0,False,21973.083333333332
2,2,2,1,75,2,0,False,40673.104166666664
2,2,2,1,75,3,0,False,1561.4166666666667
2,2,2,1,75,5,0,False,7293.270833333333
2,2,2,1,75,6,0,False,3277.3541666666665
2,2,2,1,76,1,0,False,16215.625
2,2,2,1,76,2,0,False,27507.520833333332
2,2,2,1,76,3,0,False,1708.25
2,2,2,1,76,5,0,False,7321.0
2,2,2,1,76,6,0,False,2416.2708333333335
2,2,2,1,77,1,0,False,18192.25
2,2,2,1,77,2,0,False,32427.916666666668
2,2,2,1,77,3,0,False,1510.0416666666667
2,2,2,1,77,5,0,False,7256.791666666667
2,2,2,1,77,6,0,False,2638.9166666666665
2,2,2,1,78,1,0,False,18093.916666666668
2,2,2,1,78,2,0,False,31308.3125
2,2,2,1,78,3,0,False,1745.9166666666667
2,2,2,1,78,5,0,False,7469.583333333333
2,2,2,1,78,6,0,False,2579.6875
2,2,2,1,79,1,0,False,20010.833333333332
2,2,2,1,79,2,0,False,36975.979166666664
2,2,2,1,79,3,0,False,1651.375
2,2,2,1,79,5,0,False,7374.6875
2,2,2,1,79,6,0,False,2968.8333333333335
2,2,2,1,80,1,0,False,17135.541666666668
2,2,2,1,80,2,0,True,7150.854166666667
2,2,2,1,80,2,1,True,7453.5625
2,2,2,1,80,2,2,False,36147.145833333336
2,2,2,1,80,2,3,False,37931.75
2,2,2,1,80,2,4,False,34097.291666666664
2,2,2,1,80,3,0,True,131.85416666666666
2,2,2,1,80,3,1,True,127.0625
2,2,2,1,80,3,2,False,1650.3333333333333
2,2,2,1,80,3,3,False,1520.1666666666667
2,2,2,1,80,3,4,False,1726.7083333333333
2,2,2,1,80,5,0,False,7354.375
2,2,2,1,80,6,0,True,653.2291666666666
2,2,2,1,80,6,1,True,683.6041666666666
2,2,2,1,80,6,2,False,2982.25
2,2,2,1,80,6,3,False,3077.6458333333335
2,2,2,1,80,6,4,False,2810.6875
2,2,2,1,81,1,0,False,19010.791666666668
2,2,2,1,81,5,0,False,7129.708333333333
2,2,2,1,82,1,0,False,19555.541666666668
2,2,2,1,82,5,0,False,7332.958333333333
2,2,2,1,83,1,0,False,21271.166666666668
2,2,2,1,83,5,0,False,7117.4375
2,2,2,1,84,1,0,False,15953.166666666666
2,2,2,1,84,5,0,False,7283.270833333333
2,2,2,1,85,1,0,False,17470.541666666668
2,2,2,1,85,5,0,False,7043.9375
2,2,2,1,86,1,0,False,17668.416666666668
2,2,2,1,86,5,0,False,7397.625
2,2,2,1,87,1,0,False,19462.208333333332
2,2,2,1,87,5,0,False,7221.854166666667
2,2,2,1,88,1,0,False,18201.541666666668
2,2,2,1,88,5,0,False,7256.0
2,2,2,1,89,1,0,False,19728.166666666668
2,2,2,1,89,5,0,False,7156.583333333333
2,2,2,1,90,1,0,True,312.1666666666667
2,2,2,1,90,1,1,True,8841.125
2,2,2,1,90,1,2,True,333.5
2,2,2,1,90,1,3,False,23464.666666666668
2,2,2,1,90,1,4,False,20901.0
2,2,2,1,90,5,0,True,82.02083333333333
2,2,2,1,90,5,1,True,1217.5208333333333
2,2,2,1,90,5,2,False,8721.145833333334
2,2,2,1,90,5,3,False,7825.625
2,2,2,1,90,5,4,True,78.79166666666667
2,3,2,0,59,1,0,False,16739.041666666668
2,3,2,0,59,2,0,False,39670.041666666664
2,3,2,0,59,4,0,False,842.9583333333334
2,3,2,0,59,6,0,False,1327.2083333333333
2,3,2,0,60,1,0,False,11861.0
2,3,2,0,60,2,0,False,27674.083333333332
2,3,2,0,60,4,0,False,773.25
2,3,2,0,60,6,0,False,903.7083333333334
2,3,2,0,61,1,0,False,13457.708333333334
2,3,2,0,61,2,0,False,31959.458333333332
2,3,2,0,61,4,0,False,803.0833333333334
2,3,2,0,61,6,0,False,943.5833333333334
2,3,2,0,62,1,0,False,13017.083333333334
2,3,2,0,62,2,0,False,30492.958333333332
2,3,2,0,62,4,0,False,780.4166666666666
2,3,2,0,62,6,0,False,930.5
2,3,2,0,63,1,0,False,14320.583333333334
2,3,2,0,63,2,0,False,32823.0
2,3,2,0,63,4,0,False,829.9583333333334
2,3,2,0,63,6,0,False,972.75
2,3,2,0,64,1,0,False,10384.083333333334
2,3,2,0,64,2,0,False,24532.541666666668
2,3,2,0,64,4,0,False,635.2916666666666
2,3,2,0,64,6,0,False,908.9583333333334
2,3,2,0,65,1,0,False,12516.625
2,3,2,0,65,2,0,False,29321.5
2,3,2,0,65,4,0,False,690.7083333333334
2,3,2,0,65,6,0,False,965.8333333333334
2,3,2,0,66,1,0,False,12204.791666666666
2,3,2,0,66,2,0,False,28473.416666666668
2,3,2,0,66,4,0,False,692.3333333333334
2,3,2,0,66,6,0,False,999.7916666666666
2,3,2,0,67,1,0,False,14441.75
2,3,2,0,67,2,0,False,33097.208333333336
2,3,2,0,67,4,0,False,743.0416666666666
2,3,2,0,67,6,0,False,1141.0833333333333
2,3,2,0,68,1,0,False,10022.333333333334
2,3,2,0,68,2,0,False,21373.375
2,3,2,0,68,4,0,False,640.0416666666666
2,3,2,0,68,6,0,False,835.2083333333334
2,3,2,0,69,1,0,False,11647.5
2,3,2,0,69,2,0,False,25577.666666666668
2,3,2,0,69,3,0,False,457.625
2,3,2,0,69,4,0,False,717.5
2,3,2,0,69,6,0,False,864.1666666666666
2,3,2,0,70,1,0,False,11435.291666666666
2,3,2,0,70,2,0,False,24643.916666666668
2,3,2,0,70,3,0,False,447.2083333333333
2,3,2,0,70,4,0,True,357.7083333333333
2,3,2,0,70,4,1,False,785.0833333333334
2,3,2,0,70,4,2,True,394.0
2,3,2,0,70,4,3,False,775.625
2,3,2,0,70,6,0,False,893.6666666666666
2,3,2,0,71,1,0,False,13227.208333333334
2,3,2,0,71,2,0,False,29357.125
2,3,2,0,71,3,0,False,420.0
2,3,2,0,71,6,0,False,1013.6666666666666
2,3,2,0,72,1,0,False,11892.416666666666
2,3,2,0,72,2,0,False,27071.333333333332
2,3,2,0,72,3,0,False,430.0416666666667
2,3,2,0,72,6,0,False,968.0416666666666
2,3,2,0,73,1,0,False,14420.0
2,3,2,0,73,2,0,False,32429.625
2,3,2,0,73,3,0,False,410.2083333333333
2,3,2,0,73,6,0,False,1094.125
2,3,2,0,74,1,0,False,13831.833333333334
2,3,2,0,74,2,0,False,30254.0
2,3,2,0,74,3,0,False,446.5833333333333
2,3,2,0,74,6,0,False,1022.75
2,3,2,0,75,1,0,False,16537.958333333332
2,3,2,0,75,2,0,False,35396.958333333336
2,3,2,0,75,3,0,False,412.9166666666667
2,3,2,0,75,6,0,False,1230.0416666666667
2,3,2,0,76,1,0,False,10863.75
2,3,2,0,76,2,0,False,22905.791666666668
2,3,2,0,76,3,0,False,434.5833333333333
2,3,2,0,76,6,0,False,873.875
2,3,2,0,77,1,0,False,13256.291666666666
2,3,2,0,77,2,0,False,27642.208333333332
2,3,2,0,77,3,0,False,409.8333333333333
2,3,2,0,77,6,0,False,957.4166666666666
2,3,2,0,78,1,0,False,12714.458333333334
2,3,2,0,78,2,0,False,26386.0
2,3,2,0,78,3,0,False,452.5416666666667
2,3,2,0,78,6,0,False,955.0416666666666
2,3,2,0,79,1,0,False,14992.708333333334
2,3,2,0,79,2,0,False,31569.708333333332
2,3,2,0,79,3,0,False,425.375
2,3,2,0,79,6,0,False,1097.9583333333333
2,3,2,0,80,1,0,False,11213.208333333334
2,3,2,0,80,2,0,True,6111.833333333333
2,3,2,0,80,2,1,True,6569.083333333333
2,3,2,0,80,2,2,False,30916.541666666668
2,3,2,0,80,2,3,False,32575.208333333332
2,3,2,0,80,3,0,True,91.54166666666667
2,3,2,0,80,3,1,True,84.83333333333333
2,3,2,0,80,3,2,False,442.75
2,3,2,0,80,3,3,False,447.4166666666667
2,3,2,0,80,6,0,True,272.4583333333333
2,3,2,0,80,6,1,True,271.6666666666667
2,3,2,0,80,6,2,False,1069.9583333333333
2,3,2,0,80,6,3,False,1118.7916666666667
2,3,2,0,81,1,0,False,13723.625
2,3,2,0,82,1,0,False,13424.25
2,3,2,0,83,1,0,False,15716.833333333334
2,3,2,0,84,1,0,False,10541.541666666666
2,3,2,0,85,1,0,False,12536.208333333334
2,3,2,0,86,1,0,False,12223.166666666666
2,3,2,0,87,1,0,False,14295.25
2,3,2,0,88,1,0,False,12440.375
2,3,2,0,89,1,0,False,14557.25
2,3,2,0,90,1,0,True,249.66666666666666
2,3,2,0,90,1,1,True,6126.125
2,3,2,0,90,1,2,True,272.2916666666667
2,3,2,0,90,1,3,False,16347.208333333334
2,3,2,1,59,1,0,False,19136.633333333335
2,3,2,1,59,2,0,False,41602.166666666664
2,3,2,1,59,4,0,False,1290.4833333333333
2,3,2,1,59,6,0,False,4739.6
2,3,2,1,60,1,0,False,15103.558333333332
2,3,2,1,60,2,0,False,29371.266666666666
2,3,2,1,60,4,0,False,1222.025
2,3,2,1,60,6,0,False,3536.1833333333334
2,3,2,1,61,1,0,False,15871.1
2,3,2,1,61,2,0,False,32508.366666666665
2,3,2,1,61,4,0,False,1259.8916666666667
2,3,2,1,61,6,0,False,3492.425
2,3,2,1,62,1,0,False,15812.316666666668
2,3,2,1,62,2,0,False,32002.175
2,3,2,1,62,4,0,False,1244.6916666666666
2,3,2,1,62,6,0,False,3671.9583333333335
2,3,2,1,63,1,0,False,16262.966666666667
2,3,2,1,63,2,0,False,33387.808333333334
2,3,2,1,63,4,0,False,1237.4916666666666
2,3,2,1,63,6,0,False,3537.383333333333
2,3,2,1,64,1,0,False,13685.866666666667
2,3,2,1,64,2,0,False,27994.025
2,3,2,1,64,4,0,False,1070.5333333333333
2,3,2,1,64,6,0,False,3491.35
2,3,2,1,65,1,0,False,15329.483333333334
2,3,2,1,65,2,0,False,32508.416666666668
2,3,2,1,65,4,0,False,1133.9
2,3,2,1,65,6,0,False,3687.508333333333
2,3,2,1,66,1,0,False,15472.741666666667
2,3,2,1,66,2,0,False,31910.641666666666
2,3,2,1,66,4,0,False,1118.9
2,3,2,1,66,6,0,False,3769.2
2,3,2,1,67,1,0,False,17152.616666666665
2,3,2,1,67,2,0,False,36755.1
2,3,2,1,67,4,0,False,1193.6833333333334
2,3,2,1,67,6,0,False,4251.225
2,3,2,1,68,1,0,False,13173.783333333333
2,3,2,1,68,2,0,False,24726.775
2,3,2,1,68,4,0,False,1087.6
2,3,2,1,68,6,0,False,3200.975
2,3,2,1,69,1,0,False,14430.041666666666
2,3,2,1,69,2,0,False,28220.525
2,3,2,1,69,3,0,False,1715.25
2,3,2,1,69,4,0,False,1159.3166666666666
2,3,2,1,69,5,0,False,7877.808333333333
2,3,2,1,69,6,0,False,3274.65
2,3,2,1,70,1,0,False,14385.091666666667
2,3,2,1,70,2,0,False,27941.7
2,3,2,1,70,3,0,False,1696.575
2,3,2,1,70,4,0,True,527.1666666666666
2,3,2,1,70,4,1,False,1237.525
2,3,2,1,70,4,2,True,583.25
2,3,2,1,70,4,3,False,1266.425
2,3,2,1,70,4,4,False,1243.8333333333333
2,3,2,1,70,5,0,False,8058.691666666667
2,3,2,1,70,6,0,False,3312.725
2,3,2,1,71,1,0,False,15919.775
2,3,2,1,71,2,0,False,32261.175
2,3,2,1,71,3,0,False,1663.95
2,3,2,1,71,5,0,False,7922.225
2,3,2,1,71,6,0,False,3734.4
2,3,2,1,72,1,0,False,15199.916666666666
2,3,2,1,72,2,0,False,30267.55
2,3,2,1,72,3,0,False,1622.3916666666667
2,3,2,1,72,5,0,False,7953.233333333334
2,3,2,1,72,6,0,False,3604.4416666666666
2,3,2,1,73,1,0,False,17220.925
2,3,2,1,73,2,0,False,35555.808333333334
2,3,2,1,73,3,0,False,1445.5083333333334
2,3,2,1,73,5,0,False,7801.858333333334
2,3,2,1,73,6,0,False,4094.0
2,3,2,1,74,1,0,False,16957.416666666668
2,3,2,1,74,2,0,False,33842.833333333336
2,3,2,1,74,3,0,False,1632.35
2,3,2,1,74,5,0,False,8071.125
2,3,2,1,74,6,0,False,4024.116666666667
2,3,2,1,75,1,0,False,18952.533333333333
2,3,2,1,75,2,0,False,38762.84166666667
2,3,2,1,75,3,0,False,1540.6
2,3,2,1,75,5,0,False,7875.508333333333
2,3,2,1,75,6,0,False,4453.783333333334
2,3,2,1,76,1,0,False,14045.366666666667
2,3,2,1,76,2,0,False,26250.525
2,3,2,1,76,3,0,False,1667.4
2,3,2,1,76,5,0,False,7937.208333333333
2,3,2,1,76,6,0,False,3242.741666666667
2,3,2,1,77,1,0,False,15737.091666666667
2,3,2,1,77,2,0,False,30761.566666666666
2,3,2,1,77,3,0,False,1461.9
2,3,2,1,77,5,0,False,7835.65
2,3,2,1,77,6,0,False,3556.116666666667
2,3,2,1,78,1,0,False,15636.925
2,3,2,1,78,2,0,False,29784.766666666666
2,3,2,1,78,3,0,False,1702.175
2,3,2,1,78,5,0,False,8030.866666666667
2,3,2,1,78,6,0,False,3555.6666666666665
2,3,2,1,79,1,0,False,17386.633333333335
2,3,2,1,79,2,0,False,34993.51666666667
2,3,2,1,79,3,0,False,1619.9916666666666
2,3,2,1,79,5,0,False,7956.016666666666
2,3,2,1,79,6,0,False,4051.891666666667
2,3,2,1,80,1,0,False,14721.075
2,3,2,1,80,2,0,True,6826.716666666666
2,3,2,1,80,2,1,True,7162.425
2,3,2,1,80,2,2,False,34314.566666666666
2,3,2,1,80,2,3,False,36101.85
2,3,2,1,80,2,4,False,32349.941666666666
2,3,2,1,80,3,0,True,125.51666666666667
2,3,2,1,80,3,1,True,123.25
2,3,2,1,80,3,2,False,1601.3083333333334
2,3,2,1,80,3,3,False,1525.9083333333333
2,3,2,1,80,3,4,False,1725.8083333333334
2,3,2,1,80,5,0,False,7918.483333333334
2,3,2,1,80,6,0,True,879.675
2,3,2,1,80,6,1,True,914.875
2,3,2,1,80,6,2,False,3993.55
2,3,2,1,80,6,3,False,4093.2833333333333
2,3,2,1,80,6,4,False,3755.758333333333
2,3,2,1,81,1,0,False,16501.116666666665
2,3,2,1,81,5,0,False,7633.041666666667
2,3,2,1,82,1,0,False,16757.591666666667
2,3,2,1,82,5,0,False,7966.075
2,3,2,1,83,1,0,False,18241.95
2,3,2,1,83,5,0,False,7776.916666666667
2,3,2,1,84,1,0,False,13713.033333333333
2,3,2,1,84,5,0,False,7921.883333333333
2,3,2,1,85,1,0,False,15027.566666666668
2,3,2,1,85,5,0,False,7660.591666666666
2,3,2,1,86,1,0,False,15241.533333333333
2,3,2,1,86,5,0,False,7981.433333333333
2,3,2,1,87,1,0,False,16924.258333333335
2,3,2,1,87,5,0,False,7745.391666666666
2,3,2,1,88,1,0,False,15732.175
2,3,2,1,88,5,0,False,7837.233333333334
2,3,2,1,89,1,0,False,16876.158333333333
2,3,2,1,89,5,0,False,7748.016666666666
2,3,2,1,90,1,0,True,279.65
2,3,2,1,90,1,1,True,7642.65
2,3,2,1,90,1,2,True,290.65
2,3,2,1,90,1,3,False,20243.15
2,3,2,1,90,1,4,False,17944.716666666667
2,3,2,1,90,5,0,True,82.425
2,3,2,1,90,5,1,True,1316.9833333333333
2,3,2,1,90,5,2,False,9365.45
2,3,2,1,90,5,3,False,8474.025
2,3,2,1,90,5,4,True,82.00833333333334
